


USE master  
  if NOt exists (SELECT * FROM sys.databases WHERE name=N'metr')
  begin
	USE master 
	CREATE DATABASE metr
  end

GO

USE [metr]
GO
/****** Object:  Table [dbo].[DokumMeridel]    Script Date: 23.04.2023 18:46:28 ******/
SET ANSI_NULLS ON
GO
SET QUOTED_IDENTIFIER ON
GO
CREATE TABLE [dbo].[DokumMeridel](
	[Evidencni_cislo] [nvarchar](20) NOT NULL,
	[PorCis] [smallint] NOT NULL,
	[Popis] [nvarchar](100) NULL,
	[Cesta] [nvarchar](250) NULL,
 CONSTRAINT [PK_DokumMeridel] PRIMARY KEY CLUSTERED 
(
	[Evidencni_cislo] ASC,
	[PorCis] ASC
)WITH (PAD_INDEX = OFF, STATISTICS_NORECOMPUTE = OFF, IGNORE_DUP_KEY = OFF, ALLOW_ROW_LOCKS = ON, ALLOW_PAGE_LOCKS = ON, FILLFACTOR = 50) ON [PRIMARY]
) ON [PRIMARY]
GO
/****** Object:  Table [dbo].[evidence]    Script Date: 23.04.2023 18:46:28 ******/
SET ANSI_NULLS ON
GO
SET QUOTED_IDENTIFIER ON
GO
CREATE TABLE [dbo].[evidence](
	[Evidencni_cislo] [nvarchar](20) NOT NULL,
	[kategorie_kod] [nvarchar](20) NULL,
	[Vyr_cis] [nvarchar](30) NULL,
	[Nazev] [nvarchar](150) NULL,
	[Typ_kod] [nvarchar](15) NULL,
	[Datum_kalibrace] [datetime] NULL,
	[Doba_platnosti] [int] NULL,
	[Konec_platnosti] [datetime] NULL,
	[Kalibracni_metoda] [nvarchar](20) NULL,
	[Kalibracni_postup] [nvarchar](20) NULL,
	[Rok_vyroby] [smallint] NULL,
	[Do_provozu] [datetime] NULL,
	[Vyrobce] [nvarchar](50) NULL,
	[Povolena_odchylka] [nvarchar](20) NULL,
	[Nejistota] [nvarchar](20) NULL,
	[Merici_velicina] [nvarchar](10) NULL,
	[Trida_presnosti] [nvarchar](80) NULL,
	[Pracoviste_kod_vl] [nvarchar](15) NULL,
	[Os_cislo_vl] [nvarchar](10) NULL,
	[Do_uzivani] [datetime] NULL,
	[Kalibroval] [nvarchar](50) NULL,
	[Cis_protokolu] [nvarchar](30) NULL,
	[Vysledek] [nvarchar](40) NULL,
	[Os_cislo_vyp] [nvarchar](10) NULL,
	[Pracoviste_kod_vyp] [nvarchar](15) NULL,
	[Vypujceno] [datetime] NULL,
	[Poznamka] [nvarchar](400) NULL,
	[Kalibracekde] [smallint] NULL,
	[Kal_stredisko] [nvarchar](10) NULL,
	[kalprot_cesta] [nvarchar](250) NULL,
	[Stav_meridla] [nvarchar](15) NULL,
	[Obor_mereni] [nvarchar](30) NULL,
	[Zacleneni] [nvarchar](30) NULL,
	[Kod_zavodu] [nvarchar](10) NULL,
	[Datum_udrzby] [datetime] NULL,
	[Nasledna_udrzba] [datetime] NULL,
	[Provedl_udrzbu] [nvarchar](50) NULL,
	[Pozn_vl] [nvarchar](40) NULL,
	[TypPeriody] [smallint] NULL,
	[CenaMer] [float] NULL,
	[NakladyNaKal] [float] NULL,
	[MetrRetezec] [nvarchar](20) NULL,
	[InvCislo] [nvarchar](20) NULL,
	[Dodavatel_mer] [nvarchar](150) NULL,
	[Obj_cislo] [nvarchar](15) NULL,
	[Cis_objednavky] [nvarchar](20) NULL,
	[PoznKalibrace] [nvarchar](400) NULL,
	[Presnost] [nvarchar](250) NULL,
	[TypoveOznaceni] [nvarchar](30) NULL,
	[DatumVyrazeni] [datetime] NULL,
	[OVyslRohodl] [nvarchar](70) NULL,
	[ObjDnuPred] [smallint] NULL,
	[CasKalibrace] [float] NULL,
	[Rozsah] [varchar](10) NULL,
	[kal_postup_posl] [varchar](50) NULL,
 CONSTRAINT [idxevidence] PRIMARY KEY CLUSTERED 
(
	[Evidencni_cislo] ASC
)WITH (PAD_INDEX = OFF, STATISTICS_NORECOMPUTE = OFF, IGNORE_DUP_KEY = OFF, ALLOW_ROW_LOCKS = ON, ALLOW_PAGE_LOCKS = ON) ON [PRIMARY]
) ON [PRIMARY]
GO
/****** Object:  Table [dbo].[historie]    Script Date: 23.04.2023 18:46:28 ******/
SET ANSI_NULLS ON
GO
SET QUOTED_IDENTIFIER ON
GO
CREATE TABLE [dbo].[historie](
	[Evidencni_cislo] [nvarchar](20) NOT NULL,
	[Datum] [datetime] NOT NULL,
	[Popis] [nvarchar](500) NULL,
	[Odkaz] [nvarchar](250) NULL,
	[NakladyOpravy] [float] NULL,
 CONSTRAINT [idxhistevcis] PRIMARY KEY CLUSTERED 
(
	[Evidencni_cislo] ASC,
	[Datum] ASC
)WITH (PAD_INDEX = OFF, STATISTICS_NORECOMPUTE = OFF, IGNORE_DUP_KEY = OFF, ALLOW_ROW_LOCKS = ON, ALLOW_PAGE_LOCKS = ON) ON [PRIMARY]
) ON [PRIMARY]
GO
/****** Object:  Table [dbo].[historie_kal]    Script Date: 23.04.2023 18:46:28 ******/
SET ANSI_NULLS ON
GO
SET QUOTED_IDENTIFIER ON
GO
CREATE TABLE [dbo].[historie_kal](
	[Evidencni_cislo] [nvarchar](20) NOT NULL,
	[Cis_protokolu] [nvarchar](30) NOT NULL,
	[Datum_kalibrace] [datetime] NULL,
	[Konec_platnosti] [datetime] NULL,
	[Povolena_odchylka] [nvarchar](20) NULL,
	[Nejistota] [nvarchar](20) NULL,
	[Kalibroval] [nvarchar](70) NULL,
	[Kal_postup_posl] [nvarchar](20) NULL,
	[Vysledek] [nvarchar](40) NULL,
	[NakladyNaKal] [float] NULL,
	[kalprot_cesta] [nvarchar](250) NULL,
	[KalibraceKde] [smallint] NULL,
	[Kal_stredisko] [nvarchar](10) NULL,
	[PoznKalibrace] [nvarchar](400) NULL,
	[OVyslRohodl] [nvarchar](70) NULL,
	[CasKalibrace] [float] NULL,
 CONSTRAINT [idxhistoriekal] PRIMARY KEY CLUSTERED 
(
	[Evidencni_cislo] ASC,
	[Cis_protokolu] ASC
)WITH (PAD_INDEX = OFF, STATISTICS_NORECOMPUTE = OFF, IGNORE_DUP_KEY = OFF, ALLOW_ROW_LOCKS = ON, ALLOW_PAGE_LOCKS = ON, FILLFACTOR = 50) ON [PRIMARY]
) ON [PRIMARY]
GO
/****** Object:  Table [dbo].[kailbstrediska]    Script Date: 23.04.2023 18:46:28 ******/
SET ANSI_NULLS ON
GO
SET QUOTED_IDENTIFIER ON
GO
CREATE TABLE [dbo].[kailbstrediska](
	[Kod] [nvarchar](10) NOT NULL,
	[Nazev] [nvarchar](80) NULL,
	[Ulice] [nvarchar](30) NULL,
	[Mesto] [nvarchar](25) NULL,
	[PSC] [nvarchar](6) NULL,
	[Poznamky] [nvarchar](200) NULL,
	[Dokument] [nvarchar](250) NULL,
	[Email] [nvarchar](100) NULL,
	[Telefon] [nvarchar](40) NULL,
	[ICO] [nvarchar](20) NULL,
	[DIC] [nvarchar](20) NULL,
 CONSTRAINT [idxkalibstrkod] PRIMARY KEY CLUSTERED 
(
	[Kod] ASC
)WITH (PAD_INDEX = OFF, STATISTICS_NORECOMPUTE = OFF, IGNORE_DUP_KEY = OFF, ALLOW_ROW_LOCKS = ON, ALLOW_PAGE_LOCKS = ON) ON [PRIMARY]
) ON [PRIMARY]
GO
/****** Object:  Table [dbo].[kalpostupy]    Script Date: 23.04.2023 18:46:28 ******/
SET ANSI_NULLS ON
GO
SET QUOTED_IDENTIFIER ON
GO
CREATE TABLE [dbo].[kalpostupy](
	[Kod] [nvarchar](10) NOT NULL,
	[Cislo_kalpostupu] [nvarchar](20) NOT NULL,
	[Nazev] [nvarchar](500) NULL,
	[Teplota] [nvarchar](20) NULL,
	[Tlak] [nvarchar](20) NULL,
	[Vlhkost] [nvarchar](20) NULL,
	[Zneni] [nvarchar](max) NULL,
 CONSTRAINT [idxkalposkod] PRIMARY KEY CLUSTERED 
(
	[Kod] ASC
)WITH (PAD_INDEX = OFF, STATISTICS_NORECOMPUTE = OFF, IGNORE_DUP_KEY = OFF, ALLOW_ROW_LOCKS = ON, ALLOW_PAGE_LOCKS = ON) ON [PRIMARY]
) ON [PRIMARY] TEXTIMAGE_ON [PRIMARY]
GO
/****** Object:  Table [dbo].[kategorie]    Script Date: 23.04.2023 18:46:28 ******/
SET ANSI_NULLS ON
GO
SET QUOTED_IDENTIFIER ON
GO
CREATE TABLE [dbo].[kategorie](
	[Kod] [nvarchar](10) NOT NULL,
	[Nazev] [nvarchar](60) NULL,
 CONSTRAINT [idxkategoriekod] PRIMARY KEY CLUSTERED 
(
	[Kod] ASC
)WITH (PAD_INDEX = OFF, STATISTICS_NORECOMPUTE = OFF, IGNORE_DUP_KEY = OFF, ALLOW_ROW_LOCKS = ON, ALLOW_PAGE_LOCKS = ON) ON [PRIMARY]
) ON [PRIMARY]
GO
/****** Object:  Table [dbo].[OborMereni]    Script Date: 23.04.2023 18:46:28 ******/
SET ANSI_NULLS ON
GO
SET QUOTED_IDENTIFIER ON
GO
CREATE TABLE [dbo].[OborMereni](
	[Obor_mereni] [nvarchar](30) NOT NULL,
 CONSTRAINT [PK_OborMereni] PRIMARY KEY CLUSTERED 
(
	[Obor_mereni] ASC
)WITH (PAD_INDEX = OFF, STATISTICS_NORECOMPUTE = OFF, IGNORE_DUP_KEY = OFF, ALLOW_ROW_LOCKS = ON, ALLOW_PAGE_LOCKS = ON) ON [PRIMARY]
) ON [PRIMARY]
GO
/****** Object:  Table [dbo].[ObrMeridel]    Script Date: 23.04.2023 18:46:28 ******/
SET ANSI_NULLS ON
GO
SET QUOTED_IDENTIFIER ON
GO
CREATE TABLE [dbo].[ObrMeridel](
	[Evidencni_cislo] [nvarchar](20) NOT NULL,
	[Foto_mer] [varbinary](max) NULL,
 CONSTRAINT [PK_ObrMeridel] PRIMARY KEY CLUSTERED 
(
	[Evidencni_cislo] ASC
)WITH (PAD_INDEX = OFF, STATISTICS_NORECOMPUTE = OFF, IGNORE_DUP_KEY = OFF, ALLOW_ROW_LOCKS = ON, ALLOW_PAGE_LOCKS = ON) ON [PRIMARY]
) ON [PRIMARY] TEXTIMAGE_ON [PRIMARY]
GO
/****** Object:  Table [dbo].[subkategorie]    Script Date: 23.04.2023 18:46:28 ******/
SET ANSI_NULLS ON
GO
SET QUOTED_IDENTIFIER ON
GO
CREATE TABLE [dbo].[subkategorie](
	[Kod] [nvarchar](10) NOT NULL,
	[Subkod] [nvarchar](10) NOT NULL,
	[Nazev] [nvarchar](60) NULL,
 CONSTRAINT [idxsubkategorie] PRIMARY KEY CLUSTERED 
(
	[Kod] ASC,
	[Subkod] ASC
)WITH (PAD_INDEX = OFF, STATISTICS_NORECOMPUTE = OFF, IGNORE_DUP_KEY = OFF, ALLOW_ROW_LOCKS = ON, ALLOW_PAGE_LOCKS = ON) ON [PRIMARY]
) ON [PRIMARY]
GO
/****** Object:  Table [dbo].[typymeridel]    Script Date: 23.04.2023 18:46:28 ******/
SET ANSI_NULLS ON
GO
SET QUOTED_IDENTIFIER ON
GO
CREATE TABLE [dbo].[typymeridel](
	[Kod] [nvarchar](15) NOT NULL,
	[Nazev] [nvarchar](40) NULL,
	[Popis] [nvarchar](200) NULL,
	[CasKalibrace] [float] NULL,
	[NadrazenyTyp] [nvarchar](15) NULL,
 CONSTRAINT [idxtypmerkod] PRIMARY KEY CLUSTERED 
(
	[Kod] ASC
)WITH (PAD_INDEX = OFF, STATISTICS_NORECOMPUTE = OFF, IGNORE_DUP_KEY = OFF, ALLOW_ROW_LOCKS = ON, ALLOW_PAGE_LOCKS = ON) ON [PRIMARY]
) ON [PRIMARY]
GO
/****** Object:  Table [dbo].[UdrzbaTexty]    Script Date: 23.04.2023 18:46:28 ******/
SET ANSI_NULLS ON
GO
SET QUOTED_IDENTIFIER ON
GO
CREATE TABLE [dbo].[UdrzbaTexty](
	[Kod] [nvarchar](8) NOT NULL,
	[Texty] [nvarchar](250) NULL,
 CONSTRAINT [PK_UdrzbaTexty] PRIMARY KEY CLUSTERED 
(
	[Kod] ASC
)WITH (PAD_INDEX = OFF, STATISTICS_NORECOMPUTE = OFF, IGNORE_DUP_KEY = OFF, ALLOW_ROW_LOCKS = ON, ALLOW_PAGE_LOCKS = ON) ON [PRIMARY]
) ON [PRIMARY]
GO
/****** Object:  Table [dbo].[vydejna]    Script Date: 23.04.2023 18:46:28 ******/
SET ANSI_NULLS ON
GO
SET QUOTED_IDENTIFIER ON
GO
CREATE TABLE [dbo].[vydejna](
	[Evidencni_cislo] [nvarchar](20) NOT NULL,
	[Vydano] [datetime] NOT NULL,
	[Os_cislo_vyp] [nvarchar](10) NULL,
	[Pracoviste_kod_vyp] [nvarchar](10) NULL,
	[Vraceno] [datetime] NULL,
	[Os_cis_vratil] [nvarchar](10) NULL,
 CONSTRAINT [idxvydejevcis] PRIMARY KEY CLUSTERED 
(
	[Evidencni_cislo] ASC,
	[Vydano] ASC
)WITH (PAD_INDEX = OFF, STATISTICS_NORECOMPUTE = OFF, IGNORE_DUP_KEY = OFF, ALLOW_ROW_LOCKS = ON, ALLOW_PAGE_LOCKS = ON) ON [PRIMARY]
) ON [PRIMARY]
GO
INSERT [dbo].[DokumMeridel] ([Evidencni_cislo], [PorCis], [Popis], [Cesta]) VALUES (N'01/0001', 1, N'Dokument 1', N'DOKUMENT MĚŘIDLA 1 VE FORMÁTU PDF.pdf')
GO
INSERT [dbo].[DokumMeridel] ([Evidencni_cislo], [PorCis], [Popis], [Cesta]) VALUES (N'01/0001', 2, N'Dokument 2', N'DOKUMENT MĚŘIDLA 2 VE FORMÁTU DOCX.docx')
GO
INSERT [dbo].[DokumMeridel] ([Evidencni_cislo], [PorCis], [Popis], [Cesta]) VALUES (N'02/0002', 1, N'Dokument 1', N'DOKUMENT MĚŘIDLA 2 VE FORMÁTU PDF.pdf')
GO
INSERT [dbo].[DokumMeridel] ([Evidencni_cislo], [PorCis], [Popis], [Cesta]) VALUES (N'02/0003', 1, N'Dokument 1', N'DOKUMENT MĚŘIDLA 2 VE FORMÁTU DOCX.docx')
GO
INSERT [dbo].[evidence] ([Evidencni_cislo], [kategorie_kod], [Vyr_cis], [Nazev], [Typ_kod], [Datum_kalibrace], [Doba_platnosti], [Konec_platnosti], [Kalibracni_metoda], [Kalibracni_postup], [Rok_vyroby], [Do_provozu], [Vyrobce], [Povolena_odchylka], [Nejistota], [Merici_velicina], [Trida_presnosti], [Pracoviste_kod_vl], [Os_cislo_vl], [Do_uzivani], [Kalibroval], [Cis_protokolu], [Vysledek], [Os_cislo_vyp], [Pracoviste_kod_vyp], [Vypujceno], [Poznamka], [Kalibracekde], [Kal_stredisko], [kalprot_cesta], [Stav_meridla], [Obor_mereni], [Zacleneni], [Kod_zavodu], [Datum_udrzby], [Nasledna_udrzba], [Provedl_udrzbu], [Pozn_vl], [TypPeriody], [CenaMer], [NakladyNaKal], [MetrRetezec], [InvCislo], [Dodavatel_mer], [Obj_cislo], [Cis_objednavky], [PoznKalibrace], [Presnost], [TypoveOznaceni], [DatumVyrazeni], [OVyslRohodl], [ObjDnuPred], [CasKalibrace], [Rozsah], [kal_postup_posl]) VALUES (N'01/0001', N'112_1121', N'1226526', N'Měřidlo1', N'01', CAST(N'2023-03-05T00:00:00.000' AS DateTime), 5, CAST(N'2023-08-05T00:00:00.000' AS DateTime), N'Standartní metoda', N'01', 2010, CAST(N'2023-03-04T00:00:00.000' AS DateTime), N'001', N'0,12 mm', NULL, N'mm', NULL, N'001', N'00356', CAST(N'2023-03-05T00:00:00.000' AS DateTime), N'J.Karel', N'121', N'Vyhovuje', N'331', N'005', NULL, NULL, 0, N'02', N'Crt1.pdf', N'Vyřazeno', NULL, N'akreditovaný systém', N'001', CAST(N'2023-03-02T00:00:00.000' AS DateTime), CAST(N'2023-03-04T00:00:00.000' AS DateTime), N'094', N'Problém na závitu M4, jank vše v pořádku', 1, 2500, 2000, NULL, N'1323', N'00000002', N'25626', N'5623', NULL, N'0,2 mm', N'T', NULL, N'Vedoucí technik', 2, 20, N'10', NULL)
GO
INSERT [dbo].[evidence] ([Evidencni_cislo], [kategorie_kod], [Vyr_cis], [Nazev], [Typ_kod], [Datum_kalibrace], [Doba_platnosti], [Konec_platnosti], [Kalibracni_metoda], [Kalibracni_postup], [Rok_vyroby], [Do_provozu], [Vyrobce], [Povolena_odchylka], [Nejistota], [Merici_velicina], [Trida_presnosti], [Pracoviste_kod_vl], [Os_cislo_vl], [Do_uzivani], [Kalibroval], [Cis_protokolu], [Vysledek], [Os_cislo_vyp], [Pracoviste_kod_vyp], [Vypujceno], [Poznamka], [Kalibracekde], [Kal_stredisko], [kalprot_cesta], [Stav_meridla], [Obor_mereni], [Zacleneni], [Kod_zavodu], [Datum_udrzby], [Nasledna_udrzba], [Provedl_udrzbu], [Pozn_vl], [TypPeriody], [CenaMer], [NakladyNaKal], [MetrRetezec], [InvCislo], [Dodavatel_mer], [Obj_cislo], [Cis_objednavky], [PoznKalibrace], [Presnost], [TypoveOznaceni], [DatumVyrazeni], [OVyslRohodl], [ObjDnuPred], [CasKalibrace], [Rozsah], [kal_postup_posl]) VALUES (N'02/0001', N'112_1121', N'12424', N'Měřidlo 2', N'02', CAST(N'2023-03-12T00:00:00.000' AS DateTime), 3, CAST(N'2023-04-12T00:00:00.000' AS DateTime), N'Přímá', N'02', 2002, CAST(N'2023-03-04T00:00:00.000' AS DateTime), N'003', N'-', NULL, NULL, NULL, N'001', N'00356', CAST(N'2023-03-05T00:00:00.000' AS DateTime), N'ČMI Opava', N'100', N'Vyhovuje', N'32', N'001', NULL, NULL, 0, N'01', N'', N'Aktivní', NULL, NULL, N'001', CAST(N'2023-03-04T00:00:00.000' AS DateTime), CAST(N'2023-08-10T00:00:00.000' AS DateTime), N'0871', N'Vše bez problému.', 1, 3000, 700, NULL, N'1242', N'00000001', N'100', N'125/41', NULL, NULL, NULL, NULL, N'Dohnalová Pavla', NULL, 40, NULL, NULL)
GO
INSERT [dbo].[evidence] ([Evidencni_cislo], [kategorie_kod], [Vyr_cis], [Nazev], [Typ_kod], [Datum_kalibrace], [Doba_platnosti], [Konec_platnosti], [Kalibracni_metoda], [Kalibracni_postup], [Rok_vyroby], [Do_provozu], [Vyrobce], [Povolena_odchylka], [Nejistota], [Merici_velicina], [Trida_presnosti], [Pracoviste_kod_vl], [Os_cislo_vl], [Do_uzivani], [Kalibroval], [Cis_protokolu], [Vysledek], [Os_cislo_vyp], [Pracoviste_kod_vyp], [Vypujceno], [Poznamka], [Kalibracekde], [Kal_stredisko], [kalprot_cesta], [Stav_meridla], [Obor_mereni], [Zacleneni], [Kod_zavodu], [Datum_udrzby], [Nasledna_udrzba], [Provedl_udrzbu], [Pozn_vl], [TypPeriody], [CenaMer], [NakladyNaKal], [MetrRetezec], [InvCislo], [Dodavatel_mer], [Obj_cislo], [Cis_objednavky], [PoznKalibrace], [Presnost], [TypoveOznaceni], [DatumVyrazeni], [OVyslRohodl], [ObjDnuPred], [CasKalibrace], [Rozsah], [kal_postup_posl]) VALUES (N'02/0002', N'114', N'142424', N'Měřidlo 3', N'02', CAST(N'2023-03-05T00:00:00.000' AS DateTime), 5, CAST(N'2023-04-05T00:00:00.000' AS DateTime), NULL, N'01', NULL, CAST(N'2023-02-02T00:00:00.000' AS DateTime), N'004', N'0.5 mm', NULL, NULL, NULL, N'001', N'00356', CAST(N'2023-03-03T00:00:00.000' AS DateTime), N'O.V', N'1', N'Vyhovuje', N'00356', N'001', NULL, NULL, 1, N'03', N'Crt1.pdf', N'Aktivní', NULL, NULL, N'001', NULL, NULL, NULL, NULL, 1, 1200, 1000, NULL, NULL, NULL, NULL, NULL, NULL, NULL, NULL, NULL, N'ing. Karlík', NULL, 10, NULL, NULL)
GO
INSERT [dbo].[evidence] ([Evidencni_cislo], [kategorie_kod], [Vyr_cis], [Nazev], [Typ_kod], [Datum_kalibrace], [Doba_platnosti], [Konec_platnosti], [Kalibracni_metoda], [Kalibracni_postup], [Rok_vyroby], [Do_provozu], [Vyrobce], [Povolena_odchylka], [Nejistota], [Merici_velicina], [Trida_presnosti], [Pracoviste_kod_vl], [Os_cislo_vl], [Do_uzivani], [Kalibroval], [Cis_protokolu], [Vysledek], [Os_cislo_vyp], [Pracoviste_kod_vyp], [Vypujceno], [Poznamka], [Kalibracekde], [Kal_stredisko], [kalprot_cesta], [Stav_meridla], [Obor_mereni], [Zacleneni], [Kod_zavodu], [Datum_udrzby], [Nasledna_udrzba], [Provedl_udrzbu], [Pozn_vl], [TypPeriody], [CenaMer], [NakladyNaKal], [MetrRetezec], [InvCislo], [Dodavatel_mer], [Obj_cislo], [Cis_objednavky], [PoznKalibrace], [Presnost], [TypoveOznaceni], [DatumVyrazeni], [OVyslRohodl], [ObjDnuPred], [CasKalibrace], [Rozsah], [kal_postup_posl]) VALUES (N'02/0003', N'113', N'14142', N'Měřidlo 4', N'041', CAST(N'2023-03-03T00:00:00.000' AS DateTime), 3, CAST(N'2023-06-03T00:00:00.000' AS DateTime), NULL, NULL, 1998, CAST(N'2023-02-03T00:00:00.000' AS DateTime), N'002', NULL, NULL, NULL, NULL, N'001', N'00356', CAST(N'2023-02-01T00:00:00.000' AS DateTime), NULL, N'40', N'Vyhovuje', N'00356', N'001', CAST(N'2023-02-01T00:00:00.000' AS DateTime), NULL, 1, N'02', N'Crt1.pdf', N'V opravě', NULL, N'akreditovaný systém', N'001', NULL, NULL, NULL, NULL, 1, 1500, 200, NULL, NULL, NULL, NULL, NULL, NULL, NULL, NULL, NULL, N'Tieto s.r.o.', 4, 20, NULL, NULL)
GO
INSERT [dbo].[evidence] ([Evidencni_cislo], [kategorie_kod], [Vyr_cis], [Nazev], [Typ_kod], [Datum_kalibrace], [Doba_platnosti], [Konec_platnosti], [Kalibracni_metoda], [Kalibracni_postup], [Rok_vyroby], [Do_provozu], [Vyrobce], [Povolena_odchylka], [Nejistota], [Merici_velicina], [Trida_presnosti], [Pracoviste_kod_vl], [Os_cislo_vl], [Do_uzivani], [Kalibroval], [Cis_protokolu], [Vysledek], [Os_cislo_vyp], [Pracoviste_kod_vyp], [Vypujceno], [Poznamka], [Kalibracekde], [Kal_stredisko], [kalprot_cesta], [Stav_meridla], [Obor_mereni], [Zacleneni], [Kod_zavodu], [Datum_udrzby], [Nasledna_udrzba], [Provedl_udrzbu], [Pozn_vl], [TypPeriody], [CenaMer], [NakladyNaKal], [MetrRetezec], [InvCislo], [Dodavatel_mer], [Obj_cislo], [Cis_objednavky], [PoznKalibrace], [Presnost], [TypoveOznaceni], [DatumVyrazeni], [OVyslRohodl], [ObjDnuPred], [CasKalibrace], [Rozsah], [kal_postup_posl]) VALUES (N'02/0004', N'115', N'14524', N'Měřidlo 5', N'062', CAST(N'2023-03-17T00:00:00.000' AS DateTime), 2, CAST(N'2023-03-19T00:00:00.000' AS DateTime), NULL, NULL, 2020, CAST(N'2023-03-01T00:00:00.000' AS DateTime), N'003', NULL, NULL, NULL, NULL, NULL, NULL, NULL, NULL, N'12', N'Nevyhovuje', NULL, NULL, NULL, NULL, 1, N'02', NULL, N'V kalibraci', NULL, NULL, N'001', NULL, NULL, NULL, NULL, NULL, 1000, 200, NULL, NULL, NULL, NULL, NULL, NULL, NULL, NULL, NULL, N'Tieto s.r.o.', NULL, 20, NULL, NULL)
GO
INSERT [dbo].[evidence] ([Evidencni_cislo], [kategorie_kod], [Vyr_cis], [Nazev], [Typ_kod], [Datum_kalibrace], [Doba_platnosti], [Konec_platnosti], [Kalibracni_metoda], [Kalibracni_postup], [Rok_vyroby], [Do_provozu], [Vyrobce], [Povolena_odchylka], [Nejistota], [Merici_velicina], [Trida_presnosti], [Pracoviste_kod_vl], [Os_cislo_vl], [Do_uzivani], [Kalibroval], [Cis_protokolu], [Vysledek], [Os_cislo_vyp], [Pracoviste_kod_vyp], [Vypujceno], [Poznamka], [Kalibracekde], [Kal_stredisko], [kalprot_cesta], [Stav_meridla], [Obor_mereni], [Zacleneni], [Kod_zavodu], [Datum_udrzby], [Nasledna_udrzba], [Provedl_udrzbu], [Pozn_vl], [TypPeriody], [CenaMer], [NakladyNaKal], [MetrRetezec], [InvCislo], [Dodavatel_mer], [Obj_cislo], [Cis_objednavky], [PoznKalibrace], [Presnost], [TypoveOznaceni], [DatumVyrazeni], [OVyslRohodl], [ObjDnuPred], [CasKalibrace], [Rozsah], [kal_postup_posl]) VALUES (N'03/0001', N'114', N'269123', N'Měřidlo 6', N'062', CAST(N'2023-03-04T00:00:00.000' AS DateTime), 1, CAST(N'2023-03-05T00:00:00.000' AS DateTime), NULL, NULL, NULL, NULL, NULL, NULL, NULL, NULL, NULL, NULL, NULL, NULL, NULL, N'12', N'Vyhovuje', NULL, NULL, NULL, NULL, 1, N'02', NULL, N'Ztraceno', NULL, NULL, N'001', NULL, NULL, NULL, NULL, 2, 900, 1200, NULL, NULL, NULL, NULL, NULL, NULL, NULL, NULL, NULL, N'Dohnalová Pavla', NULL, NULL, NULL, NULL)
GO
INSERT [dbo].[evidence] ([Evidencni_cislo], [kategorie_kod], [Vyr_cis], [Nazev], [Typ_kod], [Datum_kalibrace], [Doba_platnosti], [Konec_platnosti], [Kalibracni_metoda], [Kalibracni_postup], [Rok_vyroby], [Do_provozu], [Vyrobce], [Povolena_odchylka], [Nejistota], [Merici_velicina], [Trida_presnosti], [Pracoviste_kod_vl], [Os_cislo_vl], [Do_uzivani], [Kalibroval], [Cis_protokolu], [Vysledek], [Os_cislo_vyp], [Pracoviste_kod_vyp], [Vypujceno], [Poznamka], [Kalibracekde], [Kal_stredisko], [kalprot_cesta], [Stav_meridla], [Obor_mereni], [Zacleneni], [Kod_zavodu], [Datum_udrzby], [Nasledna_udrzba], [Provedl_udrzbu], [Pozn_vl], [TypPeriody], [CenaMer], [NakladyNaKal], [MetrRetezec], [InvCislo], [Dodavatel_mer], [Obj_cislo], [Cis_objednavky], [PoznKalibrace], [Presnost], [TypoveOznaceni], [DatumVyrazeni], [OVyslRohodl], [ObjDnuPred], [CasKalibrace], [Rozsah], [kal_postup_posl]) VALUES (N'03/0002', N'113', NULL, N'Měřidlo 7', N'03', CAST(N'2023-02-02T00:00:00.000' AS DateTime), 4, CAST(N'2023-02-06T00:00:00.000' AS DateTime), N'Přímá metoda', N'02', NULL, NULL, NULL, NULL, NULL, NULL, NULL, NULL, NULL, NULL, N'Jiří Jakubík', N'11', N'Nevyhovuje', NULL, NULL, NULL, NULL, 0, NULL, NULL, N'Aktivní', NULL, N'akreditovaný systém', N'001', NULL, NULL, NULL, NULL, 2, NULL, 2500, NULL, NULL, NULL, NULL, NULL, NULL, NULL, NULL, NULL, N'Julius Josef', NULL, 30, NULL, NULL)
GO
INSERT [dbo].[evidence] ([Evidencni_cislo], [kategorie_kod], [Vyr_cis], [Nazev], [Typ_kod], [Datum_kalibrace], [Doba_platnosti], [Konec_platnosti], [Kalibracni_metoda], [Kalibracni_postup], [Rok_vyroby], [Do_provozu], [Vyrobce], [Povolena_odchylka], [Nejistota], [Merici_velicina], [Trida_presnosti], [Pracoviste_kod_vl], [Os_cislo_vl], [Do_uzivani], [Kalibroval], [Cis_protokolu], [Vysledek], [Os_cislo_vyp], [Pracoviste_kod_vyp], [Vypujceno], [Poznamka], [Kalibracekde], [Kal_stredisko], [kalprot_cesta], [Stav_meridla], [Obor_mereni], [Zacleneni], [Kod_zavodu], [Datum_udrzby], [Nasledna_udrzba], [Provedl_udrzbu], [Pozn_vl], [TypPeriody], [CenaMer], [NakladyNaKal], [MetrRetezec], [InvCislo], [Dodavatel_mer], [Obj_cislo], [Cis_objednavky], [PoznKalibrace], [Presnost], [TypoveOznaceni], [DatumVyrazeni], [OVyslRohodl], [ObjDnuPred], [CasKalibrace], [Rozsah], [kal_postup_posl]) VALUES (N'04/0001', N'114', NULL, N'Měřidlo 8', N'041', CAST(N'2023-03-04T00:00:00.000' AS DateTime), 2, CAST(N'2023-03-06T00:00:00.000' AS DateTime), NULL, NULL, NULL, NULL, NULL, N'1,4 mm', NULL, NULL, NULL, NULL, NULL, NULL, NULL, N'2', N'Vyhovuje s podmínkou', NULL, NULL, NULL, NULL, 1, N'01', NULL, NULL, NULL, NULL, NULL, NULL, NULL, NULL, NULL, 2, NULL, 400, NULL, NULL, NULL, NULL, NULL, NULL, NULL, NULL, NULL, N'H.Valigurová', 0, 20, NULL, NULL)
GO
INSERT [dbo].[evidence] ([Evidencni_cislo], [kategorie_kod], [Vyr_cis], [Nazev], [Typ_kod], [Datum_kalibrace], [Doba_platnosti], [Konec_platnosti], [Kalibracni_metoda], [Kalibracni_postup], [Rok_vyroby], [Do_provozu], [Vyrobce], [Povolena_odchylka], [Nejistota], [Merici_velicina], [Trida_presnosti], [Pracoviste_kod_vl], [Os_cislo_vl], [Do_uzivani], [Kalibroval], [Cis_protokolu], [Vysledek], [Os_cislo_vyp], [Pracoviste_kod_vyp], [Vypujceno], [Poznamka], [Kalibracekde], [Kal_stredisko], [kalprot_cesta], [Stav_meridla], [Obor_mereni], [Zacleneni], [Kod_zavodu], [Datum_udrzby], [Nasledna_udrzba], [Provedl_udrzbu], [Pozn_vl], [TypPeriody], [CenaMer], [NakladyNaKal], [MetrRetezec], [InvCislo], [Dodavatel_mer], [Obj_cislo], [Cis_objednavky], [PoznKalibrace], [Presnost], [TypoveOznaceni], [DatumVyrazeni], [OVyslRohodl], [ObjDnuPred], [CasKalibrace], [Rozsah], [kal_postup_posl]) VALUES (N'04/0002', N'112', NULL, NULL, N'04', NULL, NULL, NULL, NULL, NULL, NULL, NULL, NULL, NULL, NULL, NULL, NULL, NULL, NULL, NULL, NULL, NULL, NULL, NULL, NULL, NULL, NULL, NULL, NULL, NULL, N'Neaktivní', NULL, NULL, NULL, NULL, NULL, NULL, NULL, NULL, NULL, NULL, NULL, NULL, NULL, NULL, NULL, NULL, NULL, NULL, NULL, NULL, NULL, NULL, NULL, NULL)
GO
INSERT [dbo].[evidence] ([Evidencni_cislo], [kategorie_kod], [Vyr_cis], [Nazev], [Typ_kod], [Datum_kalibrace], [Doba_platnosti], [Konec_platnosti], [Kalibracni_metoda], [Kalibracni_postup], [Rok_vyroby], [Do_provozu], [Vyrobce], [Povolena_odchylka], [Nejistota], [Merici_velicina], [Trida_presnosti], [Pracoviste_kod_vl], [Os_cislo_vl], [Do_uzivani], [Kalibroval], [Cis_protokolu], [Vysledek], [Os_cislo_vyp], [Pracoviste_kod_vyp], [Vypujceno], [Poznamka], [Kalibracekde], [Kal_stredisko], [kalprot_cesta], [Stav_meridla], [Obor_mereni], [Zacleneni], [Kod_zavodu], [Datum_udrzby], [Nasledna_udrzba], [Provedl_udrzbu], [Pozn_vl], [TypPeriody], [CenaMer], [NakladyNaKal], [MetrRetezec], [InvCislo], [Dodavatel_mer], [Obj_cislo], [Cis_objednavky], [PoznKalibrace], [Presnost], [TypoveOznaceni], [DatumVyrazeni], [OVyslRohodl], [ObjDnuPred], [CasKalibrace], [Rozsah], [kal_postup_posl]) VALUES (N'05/0001', N'113', NULL, N'Měřidlo 9', N'05', NULL, NULL, NULL, NULL, N'01', NULL, NULL, NULL, NULL, NULL, NULL, NULL, N'001', N'00356', CAST(N'2023-03-04T00:00:00.000' AS DateTime), NULL, N'', NULL, NULL, NULL, NULL, NULL, NULL, NULL, NULL, N'Aktivní', NULL, NULL, N'001', NULL, NULL, NULL, NULL, NULL, NULL, NULL, NULL, NULL, NULL, NULL, NULL, NULL, NULL, NULL, NULL, NULL, NULL, NULL, NULL, NULL)
GO
INSERT [dbo].[evidence] ([Evidencni_cislo], [kategorie_kod], [Vyr_cis], [Nazev], [Typ_kod], [Datum_kalibrace], [Doba_platnosti], [Konec_platnosti], [Kalibracni_metoda], [Kalibracni_postup], [Rok_vyroby], [Do_provozu], [Vyrobce], [Povolena_odchylka], [Nejistota], [Merici_velicina], [Trida_presnosti], [Pracoviste_kod_vl], [Os_cislo_vl], [Do_uzivani], [Kalibroval], [Cis_protokolu], [Vysledek], [Os_cislo_vyp], [Pracoviste_kod_vyp], [Vypujceno], [Poznamka], [Kalibracekde], [Kal_stredisko], [kalprot_cesta], [Stav_meridla], [Obor_mereni], [Zacleneni], [Kod_zavodu], [Datum_udrzby], [Nasledna_udrzba], [Provedl_udrzbu], [Pozn_vl], [TypPeriody], [CenaMer], [NakladyNaKal], [MetrRetezec], [InvCislo], [Dodavatel_mer], [Obj_cislo], [Cis_objednavky], [PoznKalibrace], [Presnost], [TypoveOznaceni], [DatumVyrazeni], [OVyslRohodl], [ObjDnuPred], [CasKalibrace], [Rozsah], [kal_postup_posl]) VALUES (N'05/0002', N'112', NULL, N'Měřidlo 10', N'05', CAST(N'2023-03-04T00:00:00.000' AS DateTime), 0, CAST(N'2023-03-04T00:00:00.000' AS DateTime), N'AVC', N'01', NULL, NULL, NULL, N'10', N'2', NULL, NULL, NULL, NULL, NULL, NULL, N'101', N'Nevyhovuje', N'331', NULL, NULL, NULL, 1, N'02', N'', NULL, NULL, NULL, N'003', NULL, NULL, NULL, NULL, 2, NULL, 100, NULL, NULL, NULL, NULL, NULL, N'Vše šlo podle plánu.
', NULL, NULL, NULL, N'Vedoucí technik', 3, 10, NULL, N'AAA')
GO
INSERT [dbo].[evidence] ([Evidencni_cislo], [kategorie_kod], [Vyr_cis], [Nazev], [Typ_kod], [Datum_kalibrace], [Doba_platnosti], [Konec_platnosti], [Kalibracni_metoda], [Kalibracni_postup], [Rok_vyroby], [Do_provozu], [Vyrobce], [Povolena_odchylka], [Nejistota], [Merici_velicina], [Trida_presnosti], [Pracoviste_kod_vl], [Os_cislo_vl], [Do_uzivani], [Kalibroval], [Cis_protokolu], [Vysledek], [Os_cislo_vyp], [Pracoviste_kod_vyp], [Vypujceno], [Poznamka], [Kalibracekde], [Kal_stredisko], [kalprot_cesta], [Stav_meridla], [Obor_mereni], [Zacleneni], [Kod_zavodu], [Datum_udrzby], [Nasledna_udrzba], [Provedl_udrzbu], [Pozn_vl], [TypPeriody], [CenaMer], [NakladyNaKal], [MetrRetezec], [InvCislo], [Dodavatel_mer], [Obj_cislo], [Cis_objednavky], [PoznKalibrace], [Presnost], [TypoveOznaceni], [DatumVyrazeni], [OVyslRohodl], [ObjDnuPred], [CasKalibrace], [Rozsah], [kal_postup_posl]) VALUES (N'05/0003', N'113', NULL, N'Měřidlo 11', N'05', NULL, NULL, NULL, NULL, NULL, NULL, NULL, NULL, NULL, NULL, NULL, NULL, NULL, NULL, NULL, NULL, NULL, NULL, NULL, NULL, NULL, NULL, NULL, N'01', NULL, NULL, NULL, NULL, N'004', NULL, NULL, NULL, NULL, NULL, NULL, NULL, NULL, NULL, NULL, NULL, NULL, NULL, NULL, NULL, NULL, NULL, NULL, NULL, NULL, NULL)
GO
INSERT [dbo].[historie] ([Evidencni_cislo], [Datum], [Popis], [Odkaz], [NakladyOpravy]) VALUES (N'01/0001', CAST(N'2023-04-23T14:58:44.000' AS DateTime), N'Úprava měřidla', N'DOKUMENT STAVU MĚŘIDLA 1 VE FORMÁTU DOCX.docx', 2000)
GO
INSERT [dbo].[historie] ([Evidencni_cislo], [Datum], [Popis], [Odkaz], [NakladyOpravy]) VALUES (N'01/0001', CAST(N'2023-04-23T14:59:19.000' AS DateTime), N'Oprava měřidla', N'DOKUMENT STAVU MĚŘIDLA 1 VE FORMÁTU PDF.pdf', 1500)
GO
INSERT [dbo].[historie] ([Evidencni_cislo], [Datum], [Popis], [Odkaz], [NakladyOpravy]) VALUES (N'02/0001', CAST(N'2023-04-23T14:59:52.000' AS DateTime), N'Porucha', N'DOKUMENT STAVU MĚŘIDLA 1 VE FORMÁTU DOCX.docx', 0)
GO
INSERT [dbo].[historie] ([Evidencni_cislo], [Datum], [Popis], [Odkaz], [NakladyOpravy]) VALUES (N'02/0001', CAST(N'2023-04-23T14:59:56.000' AS DateTime), N'Úprava', N'DOKUMENT STAVU MĚŘIDLA 1 VE FORMÁTU PDF.pdf', 1000)
GO
INSERT [dbo].[historie] ([Evidencni_cislo], [Datum], [Popis], [Odkaz], [NakladyOpravy]) VALUES (N'02/0001', CAST(N'2023-04-23T14:59:58.000' AS DateTime), N'Porucha', N'DOKUMENT STAVU MĚŘIDLA 1 VE FORMÁTU DOCX.docx', 500)
GO
INSERT [dbo].[historie_kal] ([Evidencni_cislo], [Cis_protokolu], [Datum_kalibrace], [Konec_platnosti], [Povolena_odchylka], [Nejistota], [Kalibroval], [Kal_postup_posl], [Vysledek], [NakladyNaKal], [kalprot_cesta], [KalibraceKde], [Kal_stredisko], [PoznKalibrace], [OVyslRohodl], [CasKalibrace]) VALUES (N'01/0001', N'120', CAST(N'2023-03-01T00:00:00.000' AS DateTime), CAST(N'2023-05-01T00:00:00.000' AS DateTime), N'0,12 mm', N'', N'J.Karel', N'', N'Vyhovuje', 20, N'Crt1.pdf', NULL, N'02', N'', N'Vedoucí technik', 20)
GO
INSERT [dbo].[historie_kal] ([Evidencni_cislo], [Cis_protokolu], [Datum_kalibrace], [Konec_platnosti], [Povolena_odchylka], [Nejistota], [Kalibroval], [Kal_postup_posl], [Vysledek], [NakladyNaKal], [kalprot_cesta], [KalibraceKde], [Kal_stredisko], [PoznKalibrace], [OVyslRohodl], [CasKalibrace]) VALUES (N'01/0001', N'121', CAST(N'2023-03-05T00:00:00.000' AS DateTime), CAST(N'2023-08-05T00:00:00.000' AS DateTime), N'0,12 mm', N'', N'J.Karel', N'', N'Vyhovuje', 2000, N'Crt1.pdf', NULL, N'02', N'', N'Vedoucí technik', 20)
GO
INSERT [dbo].[historie_kal] ([Evidencni_cislo], [Cis_protokolu], [Datum_kalibrace], [Konec_platnosti], [Povolena_odchylka], [Nejistota], [Kalibroval], [Kal_postup_posl], [Vysledek], [NakladyNaKal], [kalprot_cesta], [KalibraceKde], [Kal_stredisko], [PoznKalibrace], [OVyslRohodl], [CasKalibrace]) VALUES (N'02/0001', N'100', CAST(N'2023-03-12T00:00:00.000' AS DateTime), CAST(N'2023-04-12T00:00:00.000' AS DateTime), N'-', N'', N'ČMI Opava', N'', N'Vyhovuje', 700, N'', NULL, N'01', N'', N'Dohnalová Pavla', 40)
GO
INSERT [dbo].[historie_kal] ([Evidencni_cislo], [Cis_protokolu], [Datum_kalibrace], [Konec_platnosti], [Povolena_odchylka], [Nejistota], [Kalibroval], [Kal_postup_posl], [Vysledek], [NakladyNaKal], [kalprot_cesta], [KalibraceKde], [Kal_stredisko], [PoznKalibrace], [OVyslRohodl], [CasKalibrace]) VALUES (N'02/0002', N'1', CAST(N'2023-03-05T00:00:00.000' AS DateTime), CAST(N'2023-04-05T00:00:00.000' AS DateTime), N'0.5 mm', N'', N'O.V', N'', N'Vyhovuje', 1000, N'Crt1.pdf', NULL, N'03', N'', N'ing. Karlík', 10)
GO
INSERT [dbo].[historie_kal] ([Evidencni_cislo], [Cis_protokolu], [Datum_kalibrace], [Konec_platnosti], [Povolena_odchylka], [Nejistota], [Kalibroval], [Kal_postup_posl], [Vysledek], [NakladyNaKal], [kalprot_cesta], [KalibraceKde], [Kal_stredisko], [PoznKalibrace], [OVyslRohodl], [CasKalibrace]) VALUES (N'02/0002', N'3', CAST(N'2023-03-05T00:00:00.000' AS DateTime), CAST(N'2023-04-05T00:00:00.000' AS DateTime), N'', N'', N'', N'', N'Nevyhovuje', 0, N'', NULL, N'', N'', N'ing. Karlík', 0)
GO
INSERT [dbo].[historie_kal] ([Evidencni_cislo], [Cis_protokolu], [Datum_kalibrace], [Konec_platnosti], [Povolena_odchylka], [Nejistota], [Kalibroval], [Kal_postup_posl], [Vysledek], [NakladyNaKal], [kalprot_cesta], [KalibraceKde], [Kal_stredisko], [PoznKalibrace], [OVyslRohodl], [CasKalibrace]) VALUES (N'02/0003', N'40', CAST(N'2023-03-03T00:00:00.000' AS DateTime), CAST(N'2023-06-03T00:00:00.000' AS DateTime), N'', N'', N'', N'', N'Vyhovuje', 200, N'Crt1.pdf', NULL, N'02', N'', N'Tieto s.r.o.', 20)
GO
INSERT [dbo].[historie_kal] ([Evidencni_cislo], [Cis_protokolu], [Datum_kalibrace], [Konec_platnosti], [Povolena_odchylka], [Nejistota], [Kalibroval], [Kal_postup_posl], [Vysledek], [NakladyNaKal], [kalprot_cesta], [KalibraceKde], [Kal_stredisko], [PoznKalibrace], [OVyslRohodl], [CasKalibrace]) VALUES (N'02/0004', N'12', CAST(N'2023-03-17T00:00:00.000' AS DateTime), CAST(N'2023-03-19T00:00:00.000' AS DateTime), N'', N'', N'', N'', N'Nevyhovuje', 200, N'', NULL, N'02', N'', N'Tieto s.r.o.', 20)
GO
INSERT [dbo].[historie_kal] ([Evidencni_cislo], [Cis_protokolu], [Datum_kalibrace], [Konec_platnosti], [Povolena_odchylka], [Nejistota], [Kalibroval], [Kal_postup_posl], [Vysledek], [NakladyNaKal], [kalprot_cesta], [KalibraceKde], [Kal_stredisko], [PoznKalibrace], [OVyslRohodl], [CasKalibrace]) VALUES (N'03/0001', N'12', CAST(N'2023-03-04T00:00:00.000' AS DateTime), CAST(N'2023-03-05T00:00:00.000' AS DateTime), N'', N'', N'', N'', N'Vyhovuje', 1200, N'', NULL, N'02', N'', N'Dohnalová Pavla', 0)
GO
INSERT [dbo].[historie_kal] ([Evidencni_cislo], [Cis_protokolu], [Datum_kalibrace], [Konec_platnosti], [Povolena_odchylka], [Nejistota], [Kalibroval], [Kal_postup_posl], [Vysledek], [NakladyNaKal], [kalprot_cesta], [KalibraceKde], [Kal_stredisko], [PoznKalibrace], [OVyslRohodl], [CasKalibrace]) VALUES (N'03/0002', N'11', CAST(N'2023-02-02T00:00:00.000' AS DateTime), CAST(N'2023-02-06T00:00:00.000' AS DateTime), N'', N'', N'Jiří Jakubík', N'', N'Nevyhovuje', 2500, N'', NULL, N'', N'', N'Julius Josef', 30)
GO
INSERT [dbo].[historie_kal] ([Evidencni_cislo], [Cis_protokolu], [Datum_kalibrace], [Konec_platnosti], [Povolena_odchylka], [Nejistota], [Kalibroval], [Kal_postup_posl], [Vysledek], [NakladyNaKal], [kalprot_cesta], [KalibraceKde], [Kal_stredisko], [PoznKalibrace], [OVyslRohodl], [CasKalibrace]) VALUES (N'04/0001', N'2', CAST(N'2023-03-04T00:00:00.000' AS DateTime), CAST(N'2023-03-06T00:00:00.000' AS DateTime), N'1,4 mm', N'', N'', N'', N'Vyhovuje s podmínkou', 400, N'', NULL, N'01', N'', N'H.Valigurová', 20)
GO
INSERT [dbo].[historie_kal] ([Evidencni_cislo], [Cis_protokolu], [Datum_kalibrace], [Konec_platnosti], [Povolena_odchylka], [Nejistota], [Kalibroval], [Kal_postup_posl], [Vysledek], [NakladyNaKal], [kalprot_cesta], [KalibraceKde], [Kal_stredisko], [PoznKalibrace], [OVyslRohodl], [CasKalibrace]) VALUES (N'05/0002', N'100', CAST(N'2023-03-04T00:00:00.000' AS DateTime), CAST(N'2023-03-04T00:00:00.000' AS DateTime), N'10', N'2', N'', N'AAA', N'Vyhovuje', 100, N'Akr1.pdf', NULL, N'', N'', N'Vedoucí technik', 10)
GO
INSERT [dbo].[historie_kal] ([Evidencni_cislo], [Cis_protokolu], [Datum_kalibrace], [Konec_platnosti], [Povolena_odchylka], [Nejistota], [Kalibroval], [Kal_postup_posl], [Vysledek], [NakladyNaKal], [kalprot_cesta], [KalibraceKde], [Kal_stredisko], [PoznKalibrace], [OVyslRohodl], [CasKalibrace]) VALUES (N'05/0002', N'101', CAST(N'2023-03-04T00:00:00.000' AS DateTime), CAST(N'2023-03-04T00:00:00.000' AS DateTime), N'10', N'2', N'', N'AAA', N'Nevyhovuje', 100, N'', NULL, N'02', N'Vše šlo podle plánu.
', N'Vedoucí technik', 10)
GO
INSERT [dbo].[historie_kal] ([Evidencni_cislo], [Cis_protokolu], [Datum_kalibrace], [Konec_platnosti], [Povolena_odchylka], [Nejistota], [Kalibroval], [Kal_postup_posl], [Vysledek], [NakladyNaKal], [kalprot_cesta], [KalibraceKde], [Kal_stredisko], [PoznKalibrace], [OVyslRohodl], [CasKalibrace]) VALUES (N'05/0003', N'', NULL, NULL, N'', N'', N'', N'', N'', 0, N'', NULL, N'01', N'', N'', 0)
GO
INSERT [dbo].[historie_kal] ([Evidencni_cislo], [Cis_protokolu], [Datum_kalibrace], [Konec_platnosti], [Povolena_odchylka], [Nejistota], [Kalibroval], [Kal_postup_posl], [Vysledek], [NakladyNaKal], [kalprot_cesta], [KalibraceKde], [Kal_stredisko], [PoznKalibrace], [OVyslRohodl], [CasKalibrace]) VALUES (N'07/0001', N'12', CAST(N'2023-03-05T00:00:00.000' AS DateTime), NULL, N'', N'', N'', N'', N'', 0, N'', NULL, N'', N'', N'', 0)
GO
INSERT [dbo].[kailbstrediska] ([Kod], [Nazev], [Ulice], [Mesto], [PSC], [Poznamky], [Dokument], [Email], [Telefon], [ICO], [DIC]) VALUES (N'01', N'ČMI Opava', NULL, N'Opava', N'70001', NULL, NULL, N'jiri@seznam.cz', N'777111333', N'158121314135135', N'151635131356')
GO
INSERT [dbo].[kailbstrediska] ([Kod], [Nazev], [Ulice], [Mesto], [PSC], [Poznamky], [Dokument], [Email], [Telefon], [ICO], [DIC]) VALUES (N'02', N'ČMI Ostrava', N'Francouzská 8', N'Ostrava', N'70080', N'Nejrychlejší vyřízení ', N'Akr1.pdf', N'ost@centrum.cz', N'555222111', N'2542424524', N'3543543434354')
GO
INSERT [dbo].[kailbstrediska] ([Kod], [Nazev], [Ulice], [Mesto], [PSC], [Poznamky], [Dokument], [Email], [Telefon], [ICO], [DIC]) VALUES (N'03', N'Kal. středisko Olomouc', N'Pražská 11', N'Olomouc', N'71000', NULL, NULL, NULL, N'571359+', NULL, NULL)
GO
INSERT [dbo].[kalpostupy] ([Kod], [Cislo_kalpostupu], [Nazev], [Teplota], [Tlak], [Vlhkost], [Zneni]) VALUES (N'01', N'KP 001', N'Kalibrace teploměrů', N'23°C - 25°C', N'150 - 170kPa', N'RV 50%', N'Kalibráce prováděna ve stálem stavu měřidla, na základě předem schváleného etalonu.')
GO
INSERT [dbo].[kalpostupy] ([Kod], [Cislo_kalpostupu], [Nazev], [Teplota], [Tlak], [Vlhkost], [Zneni]) VALUES (N'02', N'KP 002', N'Kalibrační postup', N'19°C - 24°C', N'150 - 180kPa', N'RV 20%', N'Znění kalibračnáho postupu.
')
GO
INSERT [dbo].[kalpostupy] ([Kod], [Cislo_kalpostupu], [Nazev], [Teplota], [Tlak], [Vlhkost], [Zneni]) VALUES (N'03', N'KP 003', N'Kalibrace stromečkových kalibrů', N'21°C - 24°C', N'130 - 180kPa', N'RV 40%', NULL)
GO
INSERT [dbo].[kategorie] ([Kod], [Nazev]) VALUES (N'111', N'Etalony')
GO
INSERT [dbo].[kategorie] ([Kod], [Nazev]) VALUES (N'112', N'Stanovená měřidla')
GO
INSERT [dbo].[kategorie] ([Kod], [Nazev]) VALUES (N'113', N'Pracovní měřidla')
GO
INSERT [dbo].[kategorie] ([Kod], [Nazev]) VALUES (N'114', N'Zkušební měřidla')
GO
INSERT [dbo].[kategorie] ([Kod], [Nazev]) VALUES (N'115', N'Ostatní')
GO
INSERT [dbo].[ObrMeridel] ([Evidencni_cislo], [Foto_mer]) VALUES (N'005', 0xFFD8FFE000104A46494600010101006000600000FFFE003B43524541544F523A2067642D6A7065672076312E3020287573696E6720494A47204A50454720763632292C207175616C697479203D2038350AFFDB0043000503040404030504040405050506070C08070707070F0B0B090C110F1212110F111113161C1713141A1511111821181A1D1D1F1F1F13172224221E241C1E1F1EFFDB0043010505050706070E08080E1E1411141E1E1E1E1E1E1E1E1E1E1E1E1E1E1E1E1E1E1E1E1E1E1E1E1E1E1E1E1E1E1E1E1E1E1E1E1E1E1E1E1E1E1E1E1E1E1E1E1E1EFFC000110801E3027E03012200021101031101FFC4001F0000010501010101010100000000000000000102030405060708090A0BFFC400B5100002010303020403050504040000017D01020300041105122131410613516107227114328191A1082342B1C11552D1F02433627282090A161718191A25262728292A3435363738393A434445464748494A535455565758595A636465666768696A737475767778797A838485868788898A92939495969798999AA2A3A4A5A6A7A8A9AAB2B3B4B5B6B7B8B9BAC2C3C4C5C6C7C8C9CAD2D3D4D5D6D7D8D9DAE1E2E3E4E5E6E7E8E9EAF1F2F3F4F5F6F7F8F9FAFFC4001F0100030101010101010101010000000000000102030405060708090A0BFFC400B51100020102040403040705040400010277000102031104052131061241510761711322328108144291A1B1C109233352F0156272D10A162434E125F11718191A262728292A35363738393A434445464748494A535455565758595A636465666768696A737475767778797A82838485868788898A92939495969798999AA2A3A4A5A6A7A8A9AAB2B3B4B5B6B7B8B9BAC2C3C4C5C6C7C8C9CAD2D3D4D5D6D7D8D9DAE2E3E4E5E6E7E8E9EAF2F3F4F5F6F7F8F9FAFFDA000C03010002110311003F00FB2E82690D25002D47712C7042F34D22471A296777601554724927A703AD25D4D0DBC0F34F22471229676738007BD79278FBC5336B692DBD883F638CFCB13314FB430E85CE0E1738C7071D70702AA31BB1364BE36F16C9AC48D6964ED0E9CBD4F43391DCFA2F4C2F7CE4FA0EBF4DD49ACEE9C92C607625D339C7B8FF003FCABC8188316D2AAB950BB47214E7A03E95E90AD876C30C863CD6CE292B117D4F408A449235911832B0183EB4FAE434AD6A2D3176DDC9B6D9DC28279DAC6BAD465650CA41523208EE0F7AC24AC5DC7D1483AD2D21851451400514514005145140051451400514514005145140051451400514514005145140051451400514514005145140051451400514514005145140051451400514514005145140051451400514514005145140051451400514514005145140051451400514514005145140051451400514514005145140051451400514514005145140051451400514514009484E3145349C91F5A00F35F8A5ACBBDEBE8F1B9114112CB2E0E37B1EC7D80DBFF7D570D21263520F75FC471CD5EF11DD8BCD56EAFC9C896E1883E887200FD17F2ACC9DBF76BB09CE335D1156466DEA332A641BC9C065E9EA08AF46DC779EBD4D79B9624838C9CEE3FF007D66BD08BE646E7BD5BD508CEF1A313A160779D067D386AE93E156BB25ED9BE9B712F98D00CA13D42FA7E95CBF8C8FFC48F938C4EA7F46AA1F0C2FBEC9E2F8119B025529D78E79FE951CBCC98D33DC739A51D69A3AFE99A75739A0B45028A0028A28A0028A28A0028A28A0028A28A0028A28A0028A28A0028A28A0028A28A0028A28A0028A28A0028A28A0028A28A0028A28A0028A28A0028A28A0028A28A0028A28A0028A28A0028A28A0028A28A0028A28A0028A28A0028A28A0028A28A0028A28A0028A28A0028A28A0028A28A0028A28A0028A28A0028A28A0028A28A0028A28A0028A28A00631ACBF14DDFD83C397D720957588AA11D99BE55FD48AD36EB5C67C5ABC30E8B6D68AD833CC5987AAAA9FFD98AD34AEC0F2FD43EE48A3B10BF971FCEAB3B7DC20673DBDAA7BA6F324662060B64D557F96D41033F20E9E84815D064264A9F40401CFBE2BD0037CE78EF5E7D7BC4617A1EFED8C0AEF01F9D81EA09A10147C644368801E9E72E79F66AE4746B878358B5B887CC3B1C30DA41CF3D3F2AEA7C6522A68996271E72FF26AE1E3B8313A18D82ED3C1CE3A7BE69C3719F4E5B4A26B68A65208740D91F4A981CD607812ECDE7862D642725079679CF4ADD1C1AE66ACCB43C75A5A4A514861451450014514500145145001451450014514500145145001451450014514500145145001451450014514500145145001451450014514500145145001451450014514500145145001451450014514500145145001451450014514500145145001451450014514500145145001451450014514500145145001451450014514500145145001451450047DEBCA3E2C5F09BC489680F16F0AAE0F40CD963FA6DAF571D457847892F3EDFE20B9BC525925B8257BFCBD17F402AE9ABB13762848B8572DF7B66EAAF763FD1828E09C0E2ADCB86CE463E4FE871552E172AA48E01CFEA2B63324B8B596EAF16DED90CB348C022A8C9259BFFAD5D8077DEC1E39236EE8E85597D883C83EDDA99F0A96393C66C700EDB4623BE0EE033D7AD73FAD789351B8D62F666369B9A56E181EDC0E847614EF6D06CD0F18B30D150A91BBCF5EAE147DD63C9FC2B86632BB032BC6C88C338909CFF435ABAA6AF797F0471DC180C4A72502955CE08CF1938E6B28A44C543C71707868CF5FCC5114D6A33D97E0BDE99B49BAB5627E560C07A0FF0022BD04F5CD78C7C159D2D75F6B759242B70AC0876079F6C57B375E6B1ABF114893B503AD3569D598C5A28145001451450014514500145145001451450014504D2673D280168A693EF467DE8B80EA2901FC6941A0028A28A0028A28A0028A28A0028A28A0028A28A0028A28A0028A28A0028A28CD00145267DE8DC0752280168A33450014514500145145001451450014514500145145001451450014514500145145001451450014514500145145001451450014514500145145001451450014514500657892ECD86837D74ADB5D216D87FDA3C2FEA457873A7CD919C29381F4AF55F8A770F0787A08D73B2E2ED637FA6C761FF8F2AD79647CC6339E47F8D6D4919CD8D63888B138C81DBD33FF00D6AA170D88D012781D7D791576EDBE423B71C7E559F22EE2ACF8233F7715A12767F0858B78CE46C6D1F647E3FE06BFE35C1DCB95BB761805A42727A0E73F8D77DF07F6FF00C25B26D007FA1BF6FF00692B8598B8BF90833005BE52029EFF005E949FC45F4238E7FDE9DB033124E5D8804FD307F4A56647619B62A3A82C473F91C54C5D9A70AD3CD204049CA12A3D7F8C71D38F6A4F3E34FDEF98EC187DD0B8FCFE6E4D34C48D7F075D8B4F11DA48B198CAB8390A4023BF3DEBDFF20F439CF35F3969CF19BC8E42A37670097E79FAF35F40E8D38B9D2AD2607EF44B9FAE2A2B2D871DCBBD29C0E6994BC8AC1963B34E069A08A2801D45251400B45263DE8A005A3349450019A28C814DDD4011DDDC456D1196670AA067AE3358D71E24B189725C8393F2AC4CDC007BF03A2F63DC54BE270596DD4286C870077278C63BFE4335C6EA2E518397192472EE464638383D3A038FF63DEA9225B37AE3C59B0F971C370CFC0C0B40D927002FFAC1C96CA8F753DB06A91F1CA3E161596567C18C8B3C09076C7EF09E482A38EA338C0C9E4B55B9B619123168B61DCCACBBB0400C7AE776C75038EA5BBD678B98D24025976EE07CCDB93B4ED5DC47241006D0B9E39278C555BC8573D134EF1ED84D2AC77660877361191DC93E87E640A3239FBDD39AEBEDA78AE21134320746E841AF0CB6B90D7210B956EEA923613E6191D58101860703E58BDEBD27E1BB7FA2DEAA9C209148503001E73C76E833D39ED52D0D33AFA01A696A7641A9285CD14945002D14946680168A4CD19A005A2933475EF400B45251400B9A4268A4A008EE658E188C92B8451DCD73F7BE2AB2831813333670B14465618562738E07DC03AF565F5AD0F12006181CE0EC72467900E3FF00D7EF5E7FAD23B4ADBD8055E37B9CE0E3EF1CB76003640EB13E7A8AA4896CDDBBF1A346FB23B772492332858803CE3272D81F2B64E380377719CE6F1CDF4C238EDAC66432ED68D9EE13A372370D98180096E72BC75CD72BAADE5BAAB2861B551834684648C0CA1239F9B6AC7919FB8FC75AA969279F30251AEDCEFF0039B0184C7702FF004DE4AFA602018AADBA0AE76DA678F2F7CCFF004A85268DB9509100F8C8C13F3FA30CFCA39C8ED5DC689ABD9EAF034B68E72980E8CA55973D320FAFAD78A3CE82E18CD3A492312D26E1F789E4B1054F524B63DC0ED5E8BF0BCA97D48A38756F2886F53F3839F7E3F2C54B5D4699DB8345252835250514514005145140051451400514514005145140051451400514514005145140051451400514514005145140051451400514514005145140051451401C5FC58FF9176D7A7FC7D83F8F96F8AF2D6242C6BC640E7F018AF50F8B247F60DA2938FF004B1FFA2DEBCB653B509FE7F5ADE9994F7209D890C42E3E600D566538249C00E39FA838FE552CCC42955CEEC926A19A4096F04033B7799189EBCFCA07E1827F1AB6F527D4ED7E0F0FF8ABA5CF5FB1BE7F078EB89951DAF1A32C491CE032103F0CE6BB5F83073E2A98E7ADA49FFA1C75C55D448D792168C63248609B8827D80EBC0EE293F88D16C49B6E55327191D8EC62DC71CEFC53D45C367946381901578F6E38AABF67891D586D7206464B2927F1EFC53E7188900B64249FE2033F81A69093B16A149D6E101660C1C7565E7F2AF6EF05396F0EDB9FEE8DBFA0AF0AB3898CF1FC9B9B70FF00969B8F5FA57B8780B9F0E45C7F19FE42A6AEC389D083914B9A8C67B538376EF5CF72C752D3734B9A005C914BBA9A28CD003B71A371A6E7DA8CFB1A005268A4CFA0A3340051484E3AF1484D00667892D25BAB546855DFCBCEE546DA483FD3D47A763D0F351E953A10C6EA38CE7EEC5103F519FF003D4D76E4FA5432DB5BC8D9785727D3233551958971B9E63E351A8400882F678D4C458B472C6981923F8C103EB543C2B6DA9EA42E05D5EB4AB1A80C65481F391C1C85071CF1CD33E3B5CDBE9F70E12E8C3B2D08DA26C0049246416F6FF67AF5F493F67DBAB6D5E2D50A90E17CBCB2127195E39C1C671FDEFC0568A49A22CD32EBF852E16679A78ECEE901CA3206864047BEE20FE9D48EFC779E0ED3BFB3ECA63FBCC4CC18799F7B0063F1AD04B3B547CF9419867EF126AD64003820638A872B96A23E929B9A773E95172850714BBA9B9F6A33ED400EDD46EA6D1400E0D4B914CA2801C5A8DD4DA2801DBA8DC69B9A33ED45C05C934537229734AE051D721925B2CC48CED1B6E2AA0648C1040E3DEB916D31A490E4260671B892DCE739031EA7BF735DE67EB50CF6D04C73242A7E82AD492138DCF34F174375696714B05C2AEE2558BCCD18008CF69013DFD7E95CE781AE6E353D5BEC735DC73C0D6C663E5BBB118240FBE481F90AED7E2B470DA69969E4A8881958E43E0F0BD7A9FE5DFAAF7F38F8277E6FFC6B6EB2B35C6EB6980CE5F8F33AE4EF207232415ED93D8E9ED0CEDA9DC0F09DB09D5E3D4EEE401B261B8C4C8DED835DA7853496D32296478E28DE50AB88D36FCAB9C123D7E635AB1410C646D89011C676D4C7AFAD44A7734511C0D2D47DE9C0FAD6631F9A292806980B4519A2800A28A2800A28A2800A28A2800A28A2800A28A2800A28A2800A28A2800A28A2800A28A2800A28A2800A28A2800A28A2800A28A2803CDFE26EAF67780E918BB8E6B3B80CCE210EAC4A1E9F383FC55C41B4B59138BCB842060EEB3009EFFDFAD8F1E13FF095EA1F770660391DF62D613C723025608DC8E09E3FC2BA61A225EE2CFA7DABEEF2EED90775FB3600F7FBF50B68B6CC8186B09918F90DBB8FD738A6BC5201FEABE71DD76E07FE3D4852E30028566EE72338F61CD5A9344B46F7822F2DBC31AA4F7F3C935E0681A30B145B4E7729C9C9F6FD6B9DB8591E7672254CF4C61437E79CD412CEC2E6686685D760DC09E87E871EDCD3B7ACB92636E9D777CDFA2F4A97ABB8C6797705CFEE2445F4E39FC4039FCE9E49236340FC019CF07F97F855795CA805226E3B02C07E3CF3532DC02B95550C0670739FD1BA534227B6C89954452EEC8E76123F306BBDD2BC631E89A6C36634E7B9E0BEF59428E4918FBA7FBB5E7B05E179911A145008CB139FD0B7F2E6B2AD7528E0FED2DFB37B6A9784295E70B332F51F4A4E37DC11EB73FC5148BAE8649CF00DD91FFB252AFC511E5B3B68642AF53F6E1803B927662BC5EE35D468888D32F9F976382A7DBAE7F2AE53E26EA7AA5CF84042525B786E6F561BADAE798F63B0423A90CCABF5C60F04D4CA114869B6CF77B7F8FBE19B8BE1656E74E92E0BF96106A6092D9C60623C13EC2B61BE2A819DBA1827D0DD91FF00B4EBE145F264BEB8F3F0D02A796727039E49FA81C8CF1EFDEBD73C35ADEB371E19D2A4BB072D680485D5B7B11C2B6E27BAED3C806A6118BDD0CFA37FE16C9C29FEC18B71EDF6FF00FED7576D7E24B4E483A2C60F1802F49FFDA75F37DBEA5777124919F9194614B447D7E9DBEB57A1D5AEE285879D6F80A728D006279FF7876F6FC6ADC23D80F7BB8F8A5E53322E8B1BB29C63EDCD9CFF00DFBAA6FF001854123FB062623A817EC48FFC855F3FDF6AB7123A896EE20C5B6A844214138C0F6C7B134E9AEE720F9D3C84820AAB3E548CE3201054FD4D11A70EC2D4F78FF85CC8CFB3FB0621ECFA815CFE7155987E2F4126FCE8B1E53EF2FDB8647E1B3F9D7CF521BD29E7059A48194A9DE338391C0FE1CE31D0F7AB2897735938691ADE2E41918A280A0739E71C7AFB1A528C56C34CF68D53E3AD9E9D0B4F71A25B4108C8124FAA08909F404C78DDEDD6A2B0F8F36B7D079F69A0DA5C45B80F321D583AE7D0911E33ED5F227C419EF2F3C5F78277474B5DB0C1B8B0053686CAE72006CE7B75A8FC153DC5A789AD922122ADC878A742BF2BA0466EC4EEC1507A67F3C54C545BB584CFB1E2F8DC25C14F0D2329272CBA831031EBFBBFF38ABB6FF1756681A54D1615500925AF1B1E9C9F2EBC0EC606F28CBCCA8C72BB5558AFCBD720FB76191FCB42D6DE5368DB6E6682324EE3F675F9BAF519E7B75F5AB9422813674DF11BC4D1F8BAE2E66643621A38E23E54FE605DA4E48CE3AEEEDC71DFA93E16F8822F031BA6821FED296F1464CD2C716D00FB296FD71EC78C7282C66B97702F8807A2A2851D06491DBA74C5247188DF60BD650C73B4648FC89183C55A846DB0753DA21F8C93CBB42E816E4138E2E9B8F6FB9FCAAEFF00C2D4B9C02347B36C8C9DB744E3DBEEF5AF105491E3E6E98B720B2A2A9DB91C6477C7B66B69CAC302EF9A7DC4648280B633D01CF4A9F6700B9E973FC5EBA8C003C3F1B13D009DB9383FECD625C7ED11A5C3746D9EDF478E65E0EFD4085078F94B6DC29FF788AF2DF1FCD789E01D6E5B1695644B5DC0A2EDDB1EF0253C0C0C465CE41ED9ED5E1D0C64CC61048DD136D03A6E5C313F4DA18FE5ED59C924F443573EDBB6F8C17F3B2EDD02D8020726EC9FA1071823DC55F97E286A31C61FFB0ADCE7A62E0927F0C57CE9F05E7DFE1222F250E90EA12456AC64DA4421233B467F8439907E63B57A2C935BC50A3EE20A824667C67D33C1ABE48F6126CEE9BE2E6A58CA787A0901E87ED1D69ABF17B506200D02D578CE1EE4F1FA735E657725A9DC4C11BB1E00FB5139FC39E38CE78AA88F09C84440C4F3BAE31F8F270339AAF65115D9EB917C59BF91D63FEC3B450C703FD23AFE153CDF143538C13FD8D62DC6722E38AF24B321660AC13079450FBC377C707F955DBCB9810ED7897CC6CF24F24F7EF91F4A9708A76B0F53D247C56D44919D1ECF38FF009ECC7159DAD7C6D7D22DCDCEA1A7E9D6D06ED9BE4B86196EA0018C93C1E07A57056D35BED20DB42C7D59011F4AF19F8C925D5C78CA3561FB95B08CDAA06C2E0B36F6058F5CAF3D0E31ED5328A5B0D1F4E685F1E23D6C4834D8349B864C1655B875603D4AB0071C8FCC7AD6B27C57D41C6E1A6E9C8338C999B9AF8C3C2AB7D0F8B7449E055490DF451929286FDD1602404A67E4D84E79E83DABE834BA8E3B7497CCE5F0416C8CE7DF39F4A518A7B88F503F14B531C9D32C597D04AC2BB9B5F11447C256DAF5EC7E52CD1AB3469CE0938C0CF5AF9DE0B8F3242011B4F70BEDF4AF4BD5EE1C7C3BF0E2024A3460B0C704EEA7382434CEBDBC75A38C8F2AF090481FBAED49278E7491FF002EF7A47B463FC6BCC5988638253DB8C7E74D69028CAF39ED8C9A4A085CCCEBBC6DADE9DE21B4821569ED9A12CC1A5B35987231903CC5008E79E48ED8AE1FC03A05BF85FC570EB775E21BCD4522327EE4694918258E7EF34EC383DF6E47405466AD871B8367E5C670052E4923A123AE01AB4905CF4AFF0084FB4EC03F62BD008EA553FF008BA51E3ED371FF001E57A71FECA7FF00175E6A4E0F01F39E30A4D3C480E4E3A7B0E7F322A7910AE7A3FF00C27FA7E3FE3C6F3FF1C1FF00B356AF87BC4B69AD5D4B6F15BCD0BC71F9987DA430CE0F427D47E75E4619BA0527DF81FD6BAFF85EC4788655208CD9B9E4FF00B6952E2AC34CF49E47E14E045368FAD6458FA299934BBA801D9A334D0D4BB85002E68CD26E146E1400B9A3349B851B85002E68CD2645191EB400B9A334991EB4647AD002E69734DA2801D9A4CD1450019A33451400668CD1450019A33451400B9A2928A005A2928A005A293BD2D0078D78D7E6F146A4BC8CCBEFFDD1E958A20190EAA4606082CDFE35ABE33655F156A448427CE38FDDF3D077CD638B8E704AFF00DF1C8FC735D296866D8C9C290CBBB000FEF1FF001AAAB10703129C83CFEEDB1F8E0D5D927924232C428EE5FF00A734D99D82927A7AE3FF00AD4C665CF1452C477CA9318F2C0027823D06EA9991415659246DE77FCB31C73CF4C906A495A391798E2207F74A93F88DBFCEAA4515AA6F296F1A80C5861538FC7181D280095161C3334C4E0E3738047E1D298044E03179182904EE7EBEDC53BFD1CA87658F278DD94C8FC853255811CE551F9EAEA873F8E0FE94C5727B789D64578E324632C4B12473CF3D3F5FCEB1A0D36299AF18DC8606FEE8E02B103F7F2641071C83C13DC82464569C06D9240443126792570BFAF19FF3EF5D1784A092CF476859B76FBCBA9C1563C896E24907E38600FBE6981C4CDA0C6E79BE85B3D0B40EC47A0E65C7E9501F0AD8BDACD692CF0BDA4EA5678BC99016EE083BFE539EE0E4751C8E3D572DD431FF00BEA80CFDD9BF3A2E988F091F08FC3A2ECCA755D4A584C865FB3CACACACC7AE488C3119EC5B181CE6B7EE7C31BD1146A23319053169C0031818EBDBA67181D057AB966FEF1FCE9096FEF1FCE8BA43B9E5B1F8771B37DF6EC672DF6339C9FA11C74F4FAD48BE1E459BCE5D4A44940C2B8B1236FD08707F52457A6E5BD4FF009FC6825B1D4D170B9E593786925BB339BEBC3BB24E2DDC1CF739DC7D3D39A71D01B7EE6BB6C9047CD625C0F603233D3B9AF502C73F78D2127D684FA05CF241E1DBAF3CCB365C83F76185C861F891B7B7009AB30E8931DCF2A04DEA0343FD9E64556F5CF53FE79AF5025BD7F5A32D9EBFAD0EC173C57C4BF0E6C75A6FB44973736F788BB526B5D3CC7B97B2BA9DCA7073CE33CF5A8B42F8716FA3BBCF6B7D7D2DCC91796F2CDA6B3103D176B0DAA78CE064F7CD7B713EFF00AD34E73EB42693D82E7988F0E48B960D7DB882A4A58B2823A718231C7F2AB9069F2476E20797586936EDE627098EC36EDDBE9EF5E8393EF49C8EFF00A536EE08F3E9B49691F2BFDAA1CE37B3C52B331FCC0FCB155E4D0646700CF7EA40E9F6590FF393FA77AF483F5349C6412391DE8E60679E47A1BA5B88A2FED1047CC24FB1C8486E79F989EDC7007E9539D2A5128220BA1DB26C9C9EB9FBC39AEF0E71DCD252B85CF3F93C39B995B6EA4A41C9FF00421FFC4FF8D73771F09F4192EC4CF6DAC2A2B97FB3471B2C39E781F2EE039CF0C07A6315EC87DCD21FAD175D8470B65A0FD822B786CEDAFA2820DC238A3B62AA14E4E0607AE793C924939CE6AD5CE9D3CEE19E2D473FF5C8AF19E980A3F3AEC28E3DA8E6D477388934994C653CAD4428CF1F65CF5FF6B66E3F9D42BA0C64006CAF9BDFC8707A63A919AEF0D2669F32EC2387874411485E3B2D450107E5F2E4233EB860477A92EF4DB89C866B4BC047195B56CF5EE71935DA9229339EF4AEAE3B9C3268EC99FF0043BEDC47388241FA81597E22F0958EAF631C7A8E897D2AC6DBA1315BCBE643B88DDB48E71EAA720F191C023D30FD693F3FCE8B8AE796E81E03D2B4A9DAE2CF46D53ED20B2F9D71133B818C1DB95000393D00C8383915B4DA7DD2C2C89A75F0504B01F6724F279E4AF3F8E7DABB7CF3DFF3A09E68D02E7176FA65EC4E4A59DE609E9E532A8FC315E8BAE6E8FC01E1A56183E5B0653D461AB3727B673DBDAB9AF1778C5F55B8F0D6856F03DAA697AC490CEC36B8B8059E2F6DB82436307381F8C4DDCA4CBCF20258EE8CE09FC29448738DCB9C76614AF1A8FE3720718047F8530228EED9F5C8FF000A645C7C85B2002BD31CB0A52EDF7596338F706A138DC0891F8EA38C1FD29770DB8E7F3FFEB521DC7F99820B2A720E70DC7B77A9448ECA0ED0463AEEE7F9D57272BB43B81ECD4A00ECEC3F1FF1140AE5957C64B60FA0DD5D7FC2D93FE2A6619E0D8CBFFA1C75C481923324871EA471FA56CF86F5F8BC39AA45A84F04D708C8F0ED8CA86CB6083938007CA6892D0A5B9EDB9EB9F5A5047639AF387F8B3A4A64FF00626AA783FF003C87FECDEB49FF000B6B4DC64F87F57393C7CD09EF8FEFD73F2B2EE7A4E7DA8FC2BCD87C59D37CC087C3FAC00481BB30E3EF63BBFA53FF00E16D692B2329D0B5A38E772F9047FE8CA7C920B9E8C0D15E6EFF0017B485381E1ED7981FE202DF07F1F368FF0085BBA3E33FF08DF880FD05A9FF00DAD472482E8F48A2BCD8FC5FD20727C35E2319FF0062D7FF008F52B7C5FD197EF7877C443EA96DFF00C7A8E4905D1E914579C2FC5ED0CF5D0B5F5FAADBFF00F1EA78F8B5A29E9A1EBDFF007C41FF00C768E4905D1E894B5E7CBF15746FFA036BA3FE0307FF001DA77FC2D3D149C7F646B5FF007EE1FF00E3B47230E6477F4570ABF137473FF30BD607FC021FE9254A9F11F466FF00970D517EB1C7FF00C5D1C920E6476B4715C7AFC41D189FF8F5D447D513FF008BA7FF00C27DA31FF977BF1FF6CD3FF8BA5CAC2E8EB78F5A3F126B931E3DD1BBC37E3FED9AFF00F154A3C79A2938F2AFBFEFDAFF00F15472B0BA3ABFCE8FCEB95FF84EB46CF115EFFDFA5FF1A70F1C68BFF3CEF3FEFD2FF8D1CAC2E8EA3F3A3F3AE58F8E345FEE5E0FFB643FC69478E7443DAEFF00EFD0FF001A39585CEA3F3A3F3AE63FE138D171FF002F7FF7E87F8D03C71A2719FB5FFDFAFF00EBD1CAC2E74C0FBD2826B993E38D0FD6ECFF00DB13FE3483C71A1FFD3DFF00DF93FE3472B0B9D46EF5A5C835CBFF00C271A1FADDFF00DF83FE347FC26FA112016BAFFBF068E56173A9A4AE697C69A19380D73FF7E0D3878CF4563857B807DE2C516617387F13053E23D409407F7EDCD66BC71B0C3428DF502B47C479FF00848750FF00AF87FE7546BA16C66577B783001823C67A151C5466080748533FEED5863934C6A6172030C047FAA19FA6686861381E58C0E9CF4A91B8E29A7F9521B2036F6EDD615C0F6A53041B76F94B523521A622BBDADAF245AC44F63B056B69607D8D40007CCDC018EF59CD5136A77566BE4C16D14899C824907F4A2E3B9D0E29715CE0D7751FF9F3B7FF00C7E90EBBAA67FE3CEDB1F473FD69D847478A08AE71B5DD576E459DB7FDF2FF00E341D7754E82CEDBFEF97FF1A2C07444518AE70EB9AAE3FE3CEDC9EDF2BFFF00154D3AEEADD7EC96BC75F924FF001A00E931498AE68EBDAB7FCF9DA7E31B9FFD9A90EBDABFFCFA59FF00DFB7FF00E2A803A5229A41AE6BFB7F58CFFC7A599C7AC4FF00FC5D35BC41AC76B4B2FF00BF6FFF00C5D0EE074C54F7A4C57327C41AC8639B5B01F48A4FFE2E9A7C43AD13FF001EB61F8C527FF174B503A8C66908AE58F8835BC716DA703EF0C87FF6A534F8835CEF6DA767A1C4127FF1CA7A81D491498AE58EBFADF1FB8D387FDB093FF8E535B5FD7464F95A6E07FD3093FF008E51A81D6629A4572A75FD7BBC3A703D07EE1FFF008E544FE21D7FA08B4ECF7FF4793FF8E51A81D7914840EF5C837883C419E62D37FF0001E4FF00E394A7C43AF01F2C5619FF00AE0FFF00C7286981D6628C7B5723FF000906BDDE1B1CFAF90FFF00C5D21F106BDFF3CAC3FEFC37FF00174580EBC8F6A4AE40EBDAF9E91598FF00B776FF00E2E91B5FD7F93E5D901FF5C0FF00F1748763AF3495C7B6BFAF81CC7679FF00AE07FF008BA43AFEBF9E969F84047FECD4058EC4D276AE30EBFE203D4DAE07FD30FF00ECA93FB7F5EF5B607DA1FF00EBD303B33484D71A75FD731D6DF3FF005C7FFAF4875ED7081830FF00DF8FFEBD2B858ECC8C9C6719E33E95E6ECE65F13DA300769D503E723BCDBB3F77DEB51F5DD7832949A3460720AC033FCEA82466092DAE0A339B79565218E0B853923A704D305A1D8B9E83D3FCFAD42D9E82B21BC499391A74879E733818FD29ADE20C9C8D3189FFAEE3FF89A91346B01DBBF7A43C7158CFE20908FF906AE3DEEBFFB0A69D7A5078D3171FF005F7FFD853158DBE71ED4E6200CE7AD617F6FCE58634D41FF006F7FFD8534EB971BFF00E41719F73787FF008DD00740A4F53C552D7A5F2E1B573D3CFE8467F85BFC45667F6F5D119FECE8467A13764FFED3A496F66D41A359608E0F29B76E594BE7B631B4527A8CBAADB90060BD3B002A5246D1F28F4AAC9C702A524639CD301CA4AE4055C13F5A78209E5578EE00CFEB516E2052ABE7A9A0098B283B82819EB8201FE541D8C3EE13FF0002FF00EB54791F8D01BD280242138F9587D08A63EC0798D9BFE042824FAD358F1C9A2EC09004DBF708FF00810FF0A42C9FDD63F56FFEB53778F51D2A169016C061F9D0327F31474423F11FE15224C33C2FE647F8553DC4F4E3EB52C7C0E681171663FDCCFE23FC29E2E9C7415543505B9A00BC2F64C70A38F5A517F211F756A817F714A1B34017CDF4B8E8B40BE947F745502DCE28DC680343FB427EE12837F37A27E559FBBA63BD287C8C8E45202FFDBE7F44FC8D1FDA12E47CB1FE47FC6A817A697A00D2FED09F3F762FC8FF008D2FF684FF00DD8BF23FE359BBF0707AD3838F5A00D037D3FF00723FC8FF008D06FE5C7DC8F3F4354379C7B51BB9A605F17B293F7631F4A905E4BFDD8EB3D5C548ADEF401A09732920ED8CFD6AC25D484E084E9D8566A37AD4C8E01072318EF5325A0D1D4F88F1FF00090EA3FF005F0FFCEB3CB0E9CD5EF101CF88351FFAF993FF00423541B8AA8EC21AC7D2AA6A53B5BD84F3A28664424039C1FCAACB1359FAEB05D22E893B47978FCF8FEB4305B9CCF86BC7D0EA5FF0944DA9DA47A7DA787DC79B2ACE6412297957EE9039FDD8007392D8EB8A9BE1E789B52F1558CDAADC68F1E9DA7EFF002ED1BCE2F24D82771E80003819E7273E95E27A9D8EAF7B63E339EC2466B2B3D4925BFB7518322F997011F3D70A4127FDEDDFC35EF7E0CD534BD67C2D6179A2C4B05988844B6CBFF2EE5460C67E831CF7186EF496A5346C13C7F9EB484D2134532438279A1954907028A280236519C63F4A86F254B6B4967642C2342DB41C16F61E84F4CD586E3A839FA5437708B9B5960725448857207233DC7B8EBF85302282479279E2B88D16588827648595948E08240EE1863DBDEA72A33D0545042CB2CB34920965970199576AE178C00493D771E49E49A9734806B28FEE8AAD7B31B71130B76937CD1C6482004DEEA809EFD5BA0AB64FAD57BC8D668D50C9E5812C4F9F5DB22BE3F1DB8FC68B80F2076C1F7C63F4A423DA9C4838FA534E3D6980C60B8E403557CF94DCC68F6EA8B24B24484925C6CDD862303E53B7AFFB43D455A38CF5EFD3FF00AD55618196E6495A58642C493FBAF9C292768CEEC7038E9CE33DE9302660B9C6303B53182F402A56EC0E7F134DE334D015AEDDA340D1AC79CF2CEDB5631824B1F618FF003D69B6930B9B6498A2AEE07186DC08048041F438C8F622A5BA4760AF1CFE4B46DBB247CA4608218646473EA30707B62996D00822F2C92CDBDDD8E31F333963C76E4FF2E4D0038A0C7414D200E481F5C741521029ACA31D719E280293DD01A8ADA2C65B28CD2383C2101485F7241CFB71EB53E07602AB9B2816F52756911B2EEC9E6BB062D8C9E4E074038F6AB4D8C727A7B9A13D40632827A0AADA84E2D60F336A125D10062403B980EC0FAFA55BC01D73514E85D7F772989C10CA7191C7A8EE29360476D209600E0C6C0961F236E00824119C0E98E78E0E476A91B803806996F1A451B61B79776766F524FD4FB7E95290BF8530223EDC55296F717AD0A2A7CB22231248E5829073D3A32F07A9CE2AF10A739048E845549AD54CF231942A4D34733A14C93226DC107B711A0C63B13C75A18EE597519E31D6A32BF4A90E076C76A8D88CD315C6B05E9F2E7DEAB452C8D712C4E9162355259189C139E3A7A01F98AB0C460F6F96A1854299A4DE58CB2976F63855C7FE3A2A58C94E0F26838C63F5341233D08A0918C73EB8FE540CAB7F7FF649B66D4394DE88EF8329C91B5077238E0FA8E9D45C74524820100E3D6AA5DD9898CD99BCB4B8845BCBC6495CB636F3C1F9DB9C1ED574B0249E993D33D3BD25A315C8FC98BFE792FF00DF22997421B7B59A730061146D21014648504F1F954FC134922EE52A18A920E197048F719E3F4A6C0AF161AEA6B69E0884B12248763160439703A81CE50FE0454CD0C3903CB5A8F4FB38ED9E565F27CC60A8FE4C4235017247CB93FDE27A9EBED816881D6920B109821C7FAA53EDDAAA5D4B0C0D287B36D896F24C1C301BF66DCA803A7DE033EF5A0475AAF7B6B15C1612B908D04B6E40E0FEF0A720F63F2FA7534808E248CDC4F14D6F124B1904EC248656CE0E48CF50C31EDEF5623891390801A48A128F24D2C824965DBB982ED18038C0E7B927AF527B600971C1CFAD3020BEB936B6CD3084C9B7A80C171EF9FF000069D2CDB6EE3B71136D75621F70C0DB8E00FC4F6FEB51DFC226B7962CE37A1507D09A1C092E5250D8F2CB0FCC7FFABF3A2C162CF009E00A6B3107FC451BB9EBDA9AE7A8EF408826BA786664FB3BBA8B7926182096D8506D0073CEE1FA75A9E3B8669A586445578C2F28DB979CF19C0E463F5150CF1BB48254936308A4890EDCE0B94C1E7B82A063DEA4B7531214768D80E72A8C3F124B1C9E9CD03459047AD437B3B5BDBB4CB09976E38C8007B9CFA734F040A65DA79F6D2C39DBBD0AE719C71FE7BD3064725C94BE8ED8AA61D8AA8F38972A14B6F2BE9918C9A909F98F4CF7A64B148F3966B80D124DE6AAEDF981DB8C67278E738C0EBD69CD807AFF009F5FF3F95008701919CFBD4705DFC970D242D198A4F2826E1B9C9552318E39DE07E14F07033D703351FD962691DE46724DC2CA9B642855822C7D411CF07F3F7A5A832C5A4FF68B4B7B9C6DF3A25900F4DC01C7EB52E6AAD9402D6CE0B70ECE228D5033124B6075C924FE07A74A9CD310CBD9CDBDABCDE5348146480C00000CE4E7B7EB51ADD037D2DAE215F2E4F2CE64F998EC57E06DC746F5CD3EEE2F3ED658492BBD1977633B7208CD46E8D24E499BF742512797B4641038191DBBE3AF6A5602D6463BD1919EB83D8FA5333EA3F0F4F6A439F4A00ACF7F80774223669FC90B23819F903E49507B718009E9D2AD5BCBE6C31CB91FBC50D956DC0FE23822AAC90FEF84C930490CFE7464A671FBAD846320F407A11535BC7E542B1B36E6E4B36319624927F3A5D476276208EF50DC5C18A4897C9670EE14B0230B9F5CF3F953CE07AD45347E6855DDB76B86E9E87A5310E59A6FB4B42D1A2ED4DFB924271CE064103AE0F4CF4A9B3CE07150228134B36ECF98401C740074FCF3F9D487AD00499FD3BFA5547D43119678D611E7984F9F20450766FC9201C67A0E3BD4F9F4EF503C2C2632C732873319543A961FEAC21E0107B6720F71EB43B8EC5CB797CE82398A9432207C1EA32338A981C554B58D6DEDE38460845C7000FF00F57D2A70D8EF9A10874D76B04815D1F688DE43203C0DA3247B93FD2A4FB53991A296348DC22C9F2BEE52AC580E7039CA9F5FA9A89D332C7297C2C4189FA1183EDFCEAA3DBFD937333465D82A1291EC042E71C64FA9F6EC071532D868F46F10FF00C87F51FF00AFA93FF423545867B9ABDAF73AFEA3FF005F72FF00E846A99C73DEB48BD0444FC1F5AA3AE473CDA5DCC76EAAD26C254313CE39C71DCF02B41B19E951B75E41A2E0735E1AF0969FE1CBDD62E2C4CF71FDAD26FB98EEE7478CFCD21C00B12FCA7CD6C839E38AADE0CF05E9FE13BBBB9349B8BF5B6BBE5ED65B9492242092A5479418100E3258F1D727A758707B5211D38A4877237193CD21A71EBD2931EB40843D052B03D8529ABB6DA5EA37502CF6F009236E8DE6A8271C742450067B0E791FAD260E320639AD56D0F56CF3683FEFF47FFC5537FB0F56EF67C7FD768FFF008AA7A580C4593CB8DB39C8F35F83E8E7FC69269305972D904AF5EE17357E6D0357F29FFD190FEEEE3FE5BC7FDFFAD2CDE1FD556591BECA981231FF005F1F411FD7DE90EC672B93B17E6C9217FF001CDD513C9E644B8DD92627FC19BFFAD5AC9E1DD5D66406D514AC83FE5BA7388CFBFBD451F87B5831C6BF678F263817FD7A76393DFD01A02C67C932AA9201E37F7F46DBFE14C92600EEC9DAA926467AED603FCFD6B49BC39ABB2E45BC603038FDFAFF001BE57F41493F86F5765900B78F2CB2A7FAF518DCC00FD453B858CF2C04BB0039126CEBDF6EEFFEB5451BA34BBF69F9D630071DF2456C3F87F57F39A56822C091E43FBF5E8A9B4FEB8A8FFE11BD5E3DA1A08818C2EEFDFAFF000039FE6BFAD20B198675601B046421FF00BEC951513CFB1199B0C479AC307B2B6056B8F0BEB195431420FEE97FD78FBCB963FA1A6BF85F569176AC507CC2503F7E3AB7CCBFF8EE6842322F245F2EE23C0E239075F41CFF00314F6957CF318524994A7E3B3756949E17D5A41232C307EF10EDFF0048FEF8017F506A4FF84675469D9FCA800F38383F68ECCBB076FEF67F0A6D8EC6279E1951C29C1F2DBEA18E2905C02A0F967A21FF00BE8915B2BE15D55046192D3E55407F7C7F81B0DDBA73C527FC227AAAA9E2D3855627CE3D2393E6EDEE295C2C6249200FE69180892E79FEE903FA524B32A07F949D8189E7FBA01FEB5B53F8535558A5526D410938FF005A7AB7CC3B7A53AE3C21ABC92CA88D67B9DDE2526527E668C1FEEF4E0D170B187E6013321EF2EC1F37FB01BFCFD6982656D870465633C37F789AE813C2FAC49728EAD63B649448333B0F94C7C7F07B1A861F0A6AE63898B597FAAB7EB3B7763FECD20B18104823851486E163CE4FF7891FD296E26FDCBEDCE76BE39FEE915D12F83B5D031BF4D1C44322E5F9DAC4FF0073DE9AFE0CD70823CCD30E5651FEBE4EAEC08FE0A770B1813DC2A07CA13B43B1E9FC38FF001A8E63BAE15361F926DA7FEFD93FD6BA19FC17ADBACB8934A0591F1FBE907DE031FC1ED4E93C17AD99CB0974BC79A5B9B89071B31FF3C8F7E7E94D30B1CDACCAFE5AF9792FB7AFA9C9FE949BCBB97DA155E389829E31BCB0FF000FCABA087C13AE44D1319F4AF902E7FD264FE10D9FF965EF4ADE08D73CA58FED3A67CA90AE7ED12E7E4249FF00965DE93039D918019C767279FEEB053FA9A8C9F2A36E33832BF5FEEBE0FF003AE9A5F04EB6CA7373A5E7F79FF2F12FF13861FF002CBDA9B2F8235A7470F3E9592932FF00C7C4A7EFB86FF9E5486735249E58655CE412B9FF0080EEA2390B6C53BB25B673FEE6EAE8E5F02EAECE4FDA34AFF59BBFD7CBC8D857FE79FAE29B1F8175A42A7ED1A41DADBB99E5FEE6DFF9E5401CF172E8A7691931B7FDF4C3FC0D4A2556EDDD7FF1E62B5BC3C09ACAAAA2DCE91C2463FD74BFC0D93FF2CBD2B06EEDDECB575D36E244DE2F6DA077889206EB8032320766F4A420793690E338549491EA5081FE34E7955039D87E4577EBFDCC67F9D7513782A12181D52E304480E235E8ED934C6F06D991286D46F4F98B22B6D118FBDB738F97FD91FAD55C0E6D7E59A453925A6D83EA2307FA52C532B3A7CA46E6FE685ABA77F0A58997CC37FA89225F3061A2EBB76FFCF33DA98BE13D362F2F6DEEA87CBC6DCCB173852BFF003CBDCFE945D0CE66294F93186CB379711273D777148D2EF5C608F9A33F89931FFB2D74C3C29A62205FB66A98554504CB1745391FF2CBD683E17D35411F69D47920E7CD8BB316FF009E7EA4D1A01CD3CC1431DA7015CFFDF040FEB4B24B862FB4E1124247AED23FA5740DE17D3986D375A8E3E61FEB63FE2E4FFCB3AA7E24D16CF4FD225BCB692EDDCE50896442A030CF4080E72AA3AF7340AC654AF82CA4746DBFF8EEFF00FEB5321FF5ADC7DF9B1FF9087F852C9F34EC0FF14E73FF007E88A4B7077C64E47CE18F1EB150316293704F94FCCAA7F06CFF00852472FEE94B025B6C64FF00C08E2920C8588938C4700FFC79A913FD58CF5DB08FFC7CD215873B061B40C61C7E9201FD29F24802B36DC801D8FD14E29AC3E6FF00B68FFA4A0D13293148BFF4CAE3F1E78FE940C5958A3B36480B1C9903D415FF00EBD3A494A338C1F9588EBD7E4DD4CB9520DC641E524C7BE5569D280676C918F3CE7E9E51A62B0AAD876183F349B7FF001C07FA5224CAED18C7DF0A7F304FF4A213BA4889EF229C7FDB3A8E10008580E91C47FF00421FD680B8B0B1F2E3CFCD948C939FEF7CB52160C806DE43237E6F8FE951AA858D474C2423F2734E55EBD78751F94AD4819209403F773C9FD1B6FF005A24970C5B1C2A4991EBB48FFEBD31909C63FE9A7E3FBC14B3AFEEE42393E5CE463DD85310E924C0638C855738FF0077FF00D748C446F3679C313F92A9FE544CB8698760B201F885A59E305A4F772BFF0090A900B236372ED39DDB7F1DBBBFFAD423EEDAB8E7705FFC77752E33364F00CB9FC3CAA6DB83BA1241FBC84FFDFBA2E0377091A12010320FE6AD4F12EE09C1F982B7FDF54D8D76888F40123FE4C291148099E30B0E7FEFAE7F4A431C1C925CE76954E33D37123FA8A4F333CED3DB3F8923FA5246BF260E7A45FF00A19A00C93FEF8FFD18690811C20DB8FE223AFF00B6452BBE538C86C9FD1803FCE9A473CFF798FF00E44068901C64039FDE11FF007D8345C073CB804E3A07FF00C7481FD691E40AE5C29C2249D7D8A8FE94D90655B1D36CBFFA10C7F2A59791281D364BFCC1A351A2579826F3B4FCA1D8F3FDDFFF005D38CA63F33764ECDE7F0183FD6A1987171FEE49FF00A0AD3AE065A7FF006B7803EA8B4C196247C472A15276AB03CFFB00FF00ECD5535FB9F2A3E872B26DCFFC073FD6AD4BCB4B8E7731031DF318FF000ACAF1493F67C80493383FF8E0A6F6047AAEBCB8D73506564E6EE5F5FEF9AA857804BA7EBFE154FC41B4788B5539C937D38C7FDB46AA9FBACE47381CFCE38FD29A5A03DCD52833FEB231F81FF0A6B20C9FDEC7F91FF0ACC3244CAB897084F04E09A4536EEC76C9BB07FD91FD6862344A639DE9F91FF0A0A6467CC4FF00C7BFC2B2E616E09667418E7E7231513ADBC8A4016E437F1051C7E3B281D8D76418FF005B1FE4DFE1486219E268F1FF0002FF000AC909029199551470707193F8A539A2B50399A303BE5D79A02C693A6003E627E39FF0AEBFC33FF202B6C9CF2FD0F1F7DAB99F08F8763D6AF250932A2AA020C671C74249C7D2BB3B3D34E991FF006723B4BF672573D7A92C3F4614A4D6C3B0F6A69F6A94C529FF00966FFF007C9A6189C1198DCFB60F3ED59AB88A9198E689F6488E32E84A303D4E7F963F3A5BADA914D2170A0239258800647527B74A75A59CF1261B739DA883098E14607E269F3DB48F1BC6636F9D4AF2BC106A8631C297DC09C17DC39FF676D432BC56E622F2AA6587DE603A29FF001156D6DE75445D92360004EC3CD437369713150220536B070C08254E38E01E0F71DF8FA140208F184E72A1073DB69A895A237061120DF856C679C86DF8FC8A9FA11570C32648F29B8EDB7A7F9E3D6A06B29CDEACCC0944C955DA46415C6DC741C80DB87CDDB8A6034C6A5482CDCABA9FF811C9FD690849BCF1BB272E8DB5B24640383EFD3F3AB5E4CD9E124CFA85E73F8F1F98C73D3AD57B2D3E4B5495774B22B49B833A007EEAA9248032491E9F99C926A02CFB10BCCEC400FBC93D338DBFCA996EA0244EBBB230C3B73B36F4FA1A96EACDE681A168F86238742412181E471E9EB45B5AC9142B19049DCCDC29006496C01CE00070067A628D80827315B44A5DCAAAF96B93D950E49FA0E7269E220B8196FE0EFF00DD2587EA692FF4F6B928F8DACAAF182C8491BB07729C8DAC0A820FD7EB569A391896DA79E781F5FCFF00CFA500517F28DC7D9F7F25242DEBC9527EBD7F9548F1060CA7702C1D7AFF0078E4FEA2A5FB3486E4CA7242A6C4423EEE79639F7F97F2A7847460769F5FEB480A2AD15D34C51B209DC31DD593686F7079C1E87152BF951379F2310A1F79CF3FC3B71EF9E38F5A658589B3461E66F1B1149C103E5CFCDC938CE7A0C01D80A96EA03340D16ED85B0558E7820820F041CE40E84535702BD9056B7824524EC455F4C3202A571DB04B023B1151DE341676AB24B208D14469B9B9F9633B89FC14313E8013DAAC5AC0B6B6E21336F3BDDCB33752EE58F524F5638C93C639A8B50B74BA50AB731C2DB1D0B7DEF91D4A9E3239E41FC287702770CAC54E720F7EB557559A4B7D36E664655644CEF61958C77723B85193F8559DF0838592303B00E38FF3C52F991A9CF9C80F63BC71EE39EB9A40615EEAAD1E968C9ABDB249E74C3ED24A10CAA26F2988FBBF3F9232401BB0DB402461B65AA5C4D7F716D6F3DADDBFDA3C810CB3A44B6ED990ED1B119FE55455259797CE0E01ADF6B840D8FB5479C1FF009683FAD35EEE1CE1EFA3E98E6619C7E7C5524C2E61B6B77A34F372BA75A1916D8DD18CDFB01E588D1F1BBCAFBC77EDC6DC719C9CE2B4ED2599D245B88A18678A5789D6294C89F29C0218804E460F233537DAA0FF009FC8381CFEF57FC7F4A8DAEED3A9BDB6C74FF5EBC7EB4B501E7A7341C935035ED8F4FB75AFE33AFF008D34DED913817B6A7FEDBA1FEB4B502C73E947D6AA9BFD3C601BFB3049C0CCE9C9F4EB4EFB7E9C3FE623659F4FB4267F9D35A8164E0F53C0E6BC97C7AAF078C7519CDE5BA245756F32A969378C470BF64DBD73DEBD4D750D3C72751B21FF006F29FE35E79F19742917C397FE2EB5D4ACE78AF2EADECD2243B995CAA445B7EFDA40DA5B804803349023BFB851E738EBF31E7D79A81C74E0D63CDE22692E25296F1850E41049CFF218A6B6BA492A228FA76248AA03519700F5C6734D201E456636AF3EDDEB04431EAADD3EB436AF30639B78F8EA32723EB4580D06047F0E3EB4840DB81D2B31F59971FF001EF19FA06A8DF59941FF008F6503BE4367F3CF1401AC012702A9789A132F87EEF25001E5B038380048B9CE39E99AA6FAF4A3E54861CE71CEE38FAF22A68EE6E359962D2B36D6E2F668E0F304658AEE7519C16E707D28039E48067E6BC80927270241FF00B2D3CDBAE07FA541903B87FF00E26BD097E135E03F2F89ADFA7FD031BF5FDFD0DF096F4F4F13D9FE3A539FFDAF47320B33CF0DBA8E3ED30F1D3EFF004EDFC3EB48214040FB54478C72AFDBFE03EDFAD7A11F8497FDBC51643FEE12DFFC7E917E11EA19E7C53667FEE12C3FF6BD1CD10B33CFFC94FF009FA871FEEB7FF13479319E05C4433C746FFE26BD04FC23BF3FF333DA7FE0A9BFF8FD28F849A86003E27B323FEC12DFFC7E9F347B8599E78D08C93E7C473D721FF2FBB49E50CF33C5EBC06EBFF7CD7A30F8497C3AF89AD3DB1A537FF1FA43F08EF8F5F13DAFFE0A8FFF001EA39A3DC2CCF3A112E71F6841F83647E94E112670678F8F66FF000AF441F092F71CF89AD73EDA59FF00E3D520F84D720F3E2584FF00DC38FF00F1DA39A3DC5CACF3958531FEBD0FB61BF0ED4BE481F379C9D7D1BFCF5AF471F09E6CE4F88E13FF0070E3FF00C769C3E14CA3FE6628BFF05E47FED4A39A3DC2CCF3711A83FEB467FDD34EF297FBE39E3EE9AF4A5F858E3AF8823FFC01FF00ED94F5F85F83FF0021E5FC2CF1FF00B3D2E688599E64D102701F3EB9534A6307F8BDCFCA7AF4AF505F866B9F9B5CCFD2DB1FFB3D3FFE15AC40FF00C864FF00E03FFF006547320B33CACC793C16FF00BE3DB14A22C7397F6F93BF4AF55FF85709FF00418E9FF4EFFF00D951FF000AE1739FED71FF0080FF00FD9D1CC83959E52611D32F8EDF252F93DB327FDF06BD51BE1C0278D6147FDBB1FF00E2E8FF008570BFF4174FFC063FFC5D1CE82CCF2A3013D77FFDF347904740FF00F7C57AAB7C3818E3578FFF00019BFF008BA46F872E4F1AD438F7B56FFE394B99072B3CAFC83D70FF00F7EF34DF248E06F1FF00003FE35EA87E1C3E7FE43307FE01B1FF00DA941F86F39E9AE5BFFE0137FF001DA5CC87CACF2BF219891893918FB87FC68F2093921C67AFC87FC6BD4C7C369F3FF21C83FF00009BFF008ED07E1A4C4F3ADC3F859B7FF1CA7CE82CCF2EF2BD449CF5C47FE7DA9DE5679264CF7F93DABD3BFE158BF7D722FF00C033FF00C7286F8672FF00D07221FF006E4DFF00C728E741CACF3458BD4C871FEC7FF5EB27C4D1AA5B233B1505C7DE5C763FE15EBFFF000ACA70D9FEDC8483D8D9B0FF00DA95475DF847797F0A25BF88A1B560DB8B8B22F918E9CBD27340A2CE77C42F19F126ABFC38BE981394FF009E8DEAB54772BB9C2B919C70073F95696B76F39F10EAC63F30E6FA73F28C7FCB46EE07F8D52F267070D1F9849FC7F32A335AA7A035A91C8ECA72CCE9CE06482691DE5007C91373D59D47E79EF4925ACCAF8D8557B00BCFE750DCC772A03049420EE8CE39FCB34980F692ED725541EDB8CD181F8723146E9D8B1D98F6F363C91F99C8A8628EE092D234B1E012382C4FE14F31CB8C1762BD3E68DBA7E5FE7D28027CB27014927A82CBFD3144D2CEC0009193D3940703F3AA861B8564788968C67036CB9FC06DA7BF9E00324AC4104ED2A14FE04E2803D07E13BB3CD75B90097CB21B00A93823B1FAD72FF12E257F1D6A84A8605A2CFC9FF4C92BA6F846BB67BA5C01B576A818208254F047D6B9DF893218FC69AA11F282D10DC5783FB98FBD45BF780F63986482204BDB43F5F2C0FCF9ACBF126ADA5E85A4CBA9DFB4505B45856D91EE7727A228079638E391D3938CD3EFEFC0508265672D8C24AC7FF66AF30F8D51CD77E1947B63BE1B2BE12DD469CED5D8CBBC9048E0B0FA0249E95A4F457124C9C7C58D3DAE4ADD6873DBDA17DA678E557741EA620BEFCE1C9EBD4D75EDAADBCD1E6D2582442A92C7208CB8756190C39C1C8231FE35F39C45F6000890B6022724BB120614773CD7B3F86ECEF74EF0B693A7BF946E60B6CCCBB8BB0C92D838E9B73B7A1FBB534E577A956378DEB6E21F890B60ED5518CFFB3B4E09F4A7DADEC13CC45C48801E704A63B721368247D05654091DC37DA206B39147DEB808DB477CEF5279EDD2AD5BEFBDF3E0B1B8123C7FBC0F14A1D179E4866E14F4EA38FE55A058D0BA7D3E2EAF086538626021403EA3B76C5562D1863E4C765238E9F28C63E87A7EB514F35CAA3A4F019986409E3396C91F31043671EE00CF1D6858DC49B9E360C4E1417DBCE7923E65EE31C669AB05B53463B8B44894CD159638DC42641CFA6531F91A9A28F72B4CF159000F1FBADD85C8C76EBF5C0ED9E6B323699DD96687CD8CB96CEEF2CA63FDA2C7D3A926AF5AA2B46FE5470328FDE05700155CE061CE3D4640C9E73F51AB08E4BC61E3AB6F0FDEB69B6F6105FDF021A65422248C119018ED2771041C0078239AB5E10F1C41E22B83612582D85EED2E9036D912555196DAFB4648C12576838E85B9C79C78E34EB8B3F1EEA66EA56B74BC9DAE6D9F7644AAC72406CF5539523DBDC66EFC39D37CFF0018DA5EDA1020B0324B7370EC42E4C6CA23C8C8DC4B74EBB77567194AFB058F678E68760B88C8DA7F8F626CCE38C71B80C56B5BB5B496825716ACBB73F737AE7D319193FCAB12056170924D3430AB287492E25031EF9C13EFCF1DAB5152E5E0DD05FC7101F2EF91A27DEBFC5B18290C7907008FA568FD0064F3C0A322650C17EEBC45413CFA007E9FD6AB3DD07202EC2AAC7762257EFDF1823EBFCE96E8DCC809860844A3972B6E07E0C7BFFF00AEA93A792864F2E19655CE4496E2223D3057938F5C0FAD35124BA350B459046F716E252A0E0C60EDCF4072A0F3C738C54D3CA2251E63206E5BE4892407DC1518FF000EF59C3ED52C0AD3C10AA21DA93818193EA3073D074F4A9C9B81132C096CAD182487856324E7A9DC3AFBAE47EB49AD4A192EAE96D6335F5CDC795043134921F2627C000F2405273C71EA7B1AF3F9FE2E5E35CEFB5F0FDB9B50C41F3655133007AE4230538E303701EBDEBA9F16D85F6B1E14D534BB5B30B2DCC63C92A506F646570B9006EDDB76F200CB64F4AF0F8C2461E3B8B89ADA48CED9236608C8D9C6D6523208F71FE3512E64EC07D0FE14F12DAF8834F8AFAD51163958A986458D24465E194E3A638C6072083D0D6BDF5DF92D22A480E0E77011FCBC9E3FC9AE2BE1268F7DA2786E786F6492DA5BDBA372217660F1C5B5554BE31C9D84E3030194576724A502B25C492963B959CB151FF7D31C0E0F6AB56EA0541A84E7E55954F38C2A29C7D7E6C54F15D4A6408CC49CE30557A7E06AB33B0956237171CE55496DC0FB649CF27B53A19521C6DBA29FECEE1823E8A3AF4AA690BA97D2E2168C30700E39263C60FD491FA54125CCA1B2D20F404C67F9E6A467207CD25D60F43B5829F6E5BFA5509E4532EF576249207CCDED8E3183F9D67D465B3744E46E663D0938C7E75CBFC42F1A47E14B1B70B682E750BB0C6084B6102A900B391CE32780064E0F2315BAB3E275DC930DB8DC0923AF4E2BCDBE3BE9177757361E21B38A49ADEDAD8D9DDEC52C6151233AB95F43BD816E8368CF514A5A00FF000F7C5EBA7BF8E1F1269F616F6723056B9B4322F919E37BAB97DCBC8C904103270DD07A5DD5CAC4F22C823DC18EE264EBFCFD3FCF7F9B748D167F13DD0D3B47692E649182C92A37991DB21EB231070028C9009E7A0C922BE88BA9503C82DE2655ECAA4E70338CF03B54C40BB0DC44EA36C91283D006C91FCABBABBF0DE9DE2CF820DA56A625684EA5E683131DD90C01E87FBA5875E339ED5C143264807CC4C8EE71EB5EAFE15FDEFC2DD9F360DF32E08CE791D45137A0D1C0C6FE6196521D7CC95DDB9C004B1278CF1D6A6F3B9C05938F571FE350A002DD371443B470485C7E149904F0C98F5E09354908D7D0AC4EAD7AD6BE5CC8562690E177E7054631D3F8B3F856DB784A560A01BE017A010B1E3F3FF1AA3F0F75AD2740D56EB50D5EFEDEC2D16C9D4CB3385CB19232001D49C03C0F435D537C5EF8781B03C432367182BA7DCB023B1C88FA64D672934C69184FE136FBE13525C9E9F64618C77FBBD2B9AD46D7C8840604E5720E00CF4F515E8D07C55F005CDC1B4FEDE78DD9BCB267B0B985149C8F99E48C281D79246315C4F895B1791465B6CB103919C100F041E704700538BB89E873324720002EFC679C1C67F235B1E120E3C43A62C818117F6E73BB3FF2D56AA2A2E7E5504F1F74F03F3AD0D08ECD774F65E00BA88E78ED229FE954D6E2EA7BD1E38A5DB4E230C79CE69715CE683714A053A8A2C804C51814A01A50B45900DC7B7EB463D87E74EDA28DA28B00DC518A76D146D145900DC518A76D146D145900DA3F2A7E05181400DFC451F88A7605181400DFC451F88A7605181400DFC451F88A7605181400DFC451F88A7605181400DFC4521C53F028C0A00671453F028C0A006D1834FA2801A07AD2D2E29702803C13C430472788354FDEB83F6E9CF007FCF46FF66AB792AABC24C57BFC8BFD00ADFD6FC91AB6A01A18DB37537F0FFD346AC6945A0620416C8DEE7B7E75D4882AB228F9519B9F5887F8536459F39491C2F7FDC13FD29F2B403243DBA8238EDFD6AB3247B3FD644CADE80906810399D3387B96279E236E47A631492DCCEA4B2ADC649E0241237FECA40AAAE608A524B431AF6C4447F363FCAA31716E71BA589989C70EB93FFA11140CD037177DA3BAC8E73E4B71F8102926B8BC11381E70518E4C4727A55549119498E3940E410D3301C7B0E287963E36C57031E92F19F60587F2A047A3FC209A4956EDE44646CEDDA7D30B8AE33E31C86DFC7578861F35668E19320E303605C6307FBA6BAFF8304B437D23163894805989E30BEE6B8FF8F20AF8D4329CEEB48B391F5F6A5FF2F0A7B1E7F7114658A982ECC6D96277F0A7D86DCD579ADA32492266E772E48DC0F620EDEB533CACA3F873F5A89E694F619F415B72A26E655AE89A6D8DE9BBB4D16D6DE724933436F12B7207438CAFE18E9F506FAD8DA087122DC33A1FDD87C3E4E7D780BCF3903DB1CD0F3301F30451EAD4DF3A4270067D702850489BB259A3339DD324D239E4B4B792727D785FE79A6F95732841340F2F979F2F3767033F4519E98E71F8D385C4ABCE0B0E98153C77720EDC7FBC78FD29D905D962D2DEE37ABA24F020DC76C578E0AEE1C804A9C8CE0E09AEEFC19F0E2D75FD1D6EE79AE4C8D213B9563665C1ECFC11920F19AE1E19998E7693EE0D7D11F0957FE283B16FEF3487EBF39A8A8F96374547567231FC1DB5174279350BC902FDD0E919383D464106AC37C22B16B8B87FB54F12CB2B38589235DA09276823F84648C1CFF5AF53A50335CCEAC8BB1E433FC11D26E2136F717D3DC5BB1CB4735A41286F41F383DB1D41FE95717E0F58220863D42ED615F9523314388C7A2800051ECA17E95EA807B53B14FDB482C79437C1DD3F24A5F6A0BB93058326EC8E99EC7F1CD48BF08AC32DBF52D564DC0E72F185233C0DBF77F4AF53C5147B69058F2FFF00854B65860354D6154E0612485401E980B8A71F851A7C48CD04FA8EF0842A89A24DE7AE19826719F5047B1AF4EA297B59058F31FF008549A5891DBED9AA1DDF789921F9BFF1CE3F3A25F849A448A43DD6ADCAEDF9268578C71D10038AF4EA28F6B20B1E53FF000A6F4459576DCEB87AFEF05C4031FF008E669E7E0EE8FBD5C5F6B41D07C8E26B70547F747EE781EDEDEF5EA7451ED67DC2C796C1F07B4687012F35D2376E0C6F21CE7DFF0077520F849A387DCD75AD37B1BA848FFD175E9D453F6D3EE163CC8FC25D20A81F6AD6464FCC45CC39C63B61077A637C22D1DB3FE99AE0CF040BB8401FF90ABD428C527564FA858F358FE1568F1E36CFAB86CE777DA6127FF45D4137C26D21C1DF2EB0E7AF37B163F48EBD408A6914BDA4BB858F1DD43E10D9D9DADD4F69A86ADE7310C86EEE2292118FE1609186DA471DF15E57AADB5DD9DFDCD95EA3DACF0B346DB497689B81956DE3391D0E307767D0D7D6A00DC0119F6C57CB7F11E1917C4B3ADDAEEB9FB3DB79ACA786616F103DBD411F87BD545B93D45631A6BD92500CB705954642C8188CF5E85CFB9ED508B809855B9B65CE7264898EEF7FF59F5AAAE859C9D80FE2781F860D57B5400B405612C9D1B049DBDBA9CD6A234AEB559E160D1CF6C49242EEB7639C024F471DB35ED9F0C259EE7E0FC534A13CD7BD933E526D03E6C0E189C718EF5F3F5E406540AB21386DC718C7A7F5A76BBF133C45E11D2CE85A578966B1852233FD9BFB261994B3063FEB1DB3C9183C0C73C9ED125D0363D3E48C9DA013B401D589CE7FFAC6A2F2D89C6F938E986A9D1A5B886DE63264CB0A484907272A09E9C753D053BCA90E1B318C9EC1A98185E2DD2350D6746874FD3A6957FD2D26B95F302992DE24792451C8E484C8E474ADDBDF0D68B677335BC7636D1A236C2427CB1E7720562D839FB9D769381F2F6AA97133DB6ABA4125406BF30B1553D24B79D3BFBB0AD81717126A3E64119F377158040D83C3F3B42ED6C6EF9728150E79E9939CB70B99B0F85F4590059B4D8F66CDCEAD1FDD5214E586D0541C9F9B0A39EBCF387A026B969E26BEB4D5AFBED212CE06B07F301DF6E6598293D8B7CA549FF67E95D7DAEE31FF0017968BBD5D5D4E0EC39C1236EEC0CE579E39C571F05F4973F12EEED9A60B2C5A6801A42C7728BCB961CB316FF96847273C73E9445D983D4E8954364ED5E7049200C558D3404D52D9D954ED990839DDFC43BF5A85A1762BB5A220E3BF5FCCD5AB34FF004889D7185719C0F71EF5A7413DCF7B3D697141EA6940AE7340DB4A0014B401400514B8A280128C52D1400983DA8F9A968A004F9A8F9A968A004F9A8F9A968A004F9A8F9A968A004F9A8F9A968A004F9A8F9A968A004F9A8F9A968A004F9A8C1EF4B45002628C52D1400628A28A0028A28A00F0EF11C4EFACEA0CB3C8A05D4B80154FF19ED5CF5FC3290AAA63724F4641951EBDF1FA56CF88AFB66AF7E82262C2E65E7200FBE7D7FA5604F792CC4B80A41ED13166FA9C8C575AD8CD1034D2819F2641C7CA085C81FAFF004A80AA8460B332827BAA1FD4A9FE7524D7464431C91794470199D413F86E3553CD55526342CCA71C6D27F45C0FC452DC64A656750047233FF7848B9C7A938029CF70C8B979267C9DA09DA467D3FF00D555E69177EE6F342F7DF30507F00066992ED3C4892C6A4001C146E7EB9C7E742026DF019F3E65B8EE55A08F71FC49A9679A11B3EEEEFE22618C67FF001CAAED143E52BF96CC7BE573F9E063F9D35A05718586727040D8B8FC7920F6A623D57E07953637DB5B23CDFC07CABEC2B95F8F71B1F1789001FF001EB17F1E3D6BABF820BB6C6FFF0076E84CBBB0DD7EEAF27D2B98F8EF03CBE2E1B25087EC91719EBCB7B1A97FC529EC79B18DCA924AFD0B1CD4654AF5988C7F9F4A9FEC372A7267423B80A49FFD069E2C2E3AF9C173FDE523FA56E67728C8E080378273F5FE94ABC1EBFCB357FF00B32E719F3D3F05CD34E9B2F7B9FF00C771424172AAEEDDCCAFF438E29CB8CFCC73CF7AB634E61802524D4ABA6BB63F7A07F9F7143560B85ABA64283CFA57D19F0B54AF80F4D07FE9A1FF00C7CD7CFB67A6CA92F1202BF99AFA23E1CA797E0BD3A33D95BFF43359D7D21F32E3B9D0819A7814014A3A571962E28A00CD3B81400D00D285A751400DDA28DA29D473DA801BB451B453BE6A3E6A006ED146D14EC1EF462801BB68DB4EA2801A56908C53E8A008E8C53F19A4231400CE86BE6FF8A902FF00C2697CACF86C22ED07A6100F4F6AFA4ABCB7E25F8165BEBD9756B5025793264420927938C7E07A77AB83D447879B741CB4B8C76DD8CFE9513C4AC7716662011C1CF5C57552E8EB1C855830DA795231CFBE7A1FC2A949A74793FBB500723E75FF001ADF424C48E2423605908CF3F39AE47E27F83EEF544BBD561B4BE3143624868C7CB9456E09E739CF4EBCD7A445A6A48C02E13D597071FA9FE55EDDF0B2D5D7E1F345165D8CD214C30CBF42073C7B54C9A480E0EC744BB934BB3DBE42916D1643BB641118EBF2FA83C76A97FB0EF08243DB8E32732B7B7FB35DEAF87B51008FB38CE3190E0678FAFAE691BC39A89539854718E5C7F8D1CC80F3BBCF0D4D71A8E90ACC9817A662C85B2364129072307EF6D1F8D55992105E29558AEE3E7866E14EF23E60338E095254B203CF1C1AF415D1EF6CB5A171768A23F28C4AA58372CC0E401ECADF98AE6E5B6916E57CB8C1DB20656EA57E7C923007A75458C566F562B98491C6E1CCA37C8B16F66501DF6796CDBB03823E4CEECAE71C822B1346D1E6FF0085B97D279CB1C72E84B270720137B301839048C2673C71DABB682C249235122ABEEC48030561BB691901815CFCC79C16FF006877DDD23C1B71A86A573AEEF840B8510286739D91C9213D8F259D8F5E78A169B86E60C5A6238205F73938C21EDDBAD5AB6D1831531DC6E2C400361EB915D845E12BA5CA86B6553D4063FE15774FF0D4D05D4324D244CB1C8AE7693938391DBD40ABE7416D4E980CF5A5A05281581A0014B45140051451400514514005145140051451400514514005145140051451400514514005145140051451400514514005145140051451401F3FF89A548B56BF3B9DF75CCA46D1823E735857136F65DCB337FB4CC063D38C035B5E24676D5AF4050CBF689005E39F9CFAD73D751904B05013807690A3F2C127F4FAD75AD88227B84F3195A391B0790B22FF00F588FCAA34781D8948C1FEF7EFFA7FDF3C0A555540CA7273E8C573FA0FEB8F5A8DE545708A0BE783BA5DF8FC4F340139103304592319E70AEE7F50A7F98A6CB0C3237EFA46F93A7CE4E3E9B93FAD4323EF5603CDF97000310200F6CD0258F7BE437A8032DFCA8480988B40AA3CDFFBEF20FD7EEF34D686C8A67CDE5B3CAE307D3A0A8E3B842842E371EB9671F9E3FAD2A5E6E2D197B57C725048DC0FD7F514C563D5FE09009697C39C79991F4DAB58DF1858AF8B593E7CB5A45F75C8FEF75E403F8D6BFC103BEC6FD8C6880C87017D36AFB0AC4F8D21C78B03216FF8F58BA8CF42DED50FF8A37B1C24B1C9C82D2B0FEE92A698C0AF05CFD368FF000A943166C1F30B7BCAC00FD6ACDB2C8178E4E7BCC6B620A6DB8702440076F2941A40F8390771F4283FC2B45CCA71F31C8F57A41F69DFC39FC2414F7134534695C81D87FB2B9FD71571229F03E452BD46615FF1A9D7ED0186E9793DBCCFFEBD5957931862981EA01C7E39A4D8229C50CA255F915B27242803FF0065AF7BF0103FF089D8F18E1B8F4F98D78D5B03C6E68D89E9B7B57B3780C63C2763F46FFD08D655DFB85C7566F0E94A066929CB5CA682F4A5C514B400628A28A0028A28A0028A28A0028A28A0028A28A0028C5145002628A5A0D0030AD34AE4608C83D8F4A931450045E5A0E362803A0C527971FF00CF343FF01152919A3029DD8103DB5B38F9EDE16FAA0E29C91A46A12345451D028007E5526DA36D27A809494EDA28DA2803335AD3DAF3CB921D8258F380E4853918E78358AFE1BBC2A157ECCB8CEDC48C36F3C76ED93C74AEB8014B81DA9DC56472B1F87271267742A3773B4E3F4DB5D1DADBC76F024112ED8E31B5454F451704AC2702968C52D2188052D1450014514500145145001451450014514500145145001451450014514500145145001451450014514500145145001451450014514500145145007CF5AECB1BEA7721D1789E53C907F8CD63C8B0AB33B41267239DEA3FCF6AD7D5820D42E0BB807CE93B0FEF1AA0CD0960BE53C840E7E5C64FAE738AEC5B19DCA04DB3A965DCC14918F3080BF5E4535A780242859891FF004D385FCCD5893ECD313942CCBF7B3FFD6614C458547EEF4F75527BA9607DFA9FE74583A9579030A472460B48BFA735208E4249D800CF76522A46863762C74D1B81EBE56734C78600411671AB039E6D8E4500D8F0C510E164271F31539FE98A64B74DB02B79AA31C0C93C7E58A6CB040E7718429EBB8C6C307B76A436C8CA408F3DCE7CEE7DC63A5007A87C1424D85E1C9C7987AFFBAB59DF17603278A0B8661FE8B1F0AB9EED5A7F05902D8DDA703121040248E8BEBCFF002ACDF8B8FB7C56B9E035A44724E0756C8FBC2B37FC529EC70C6D9870B72FBBD0C6BFE14D113AAED246EF7C73F953E79016F916327B703FA9350C92CB1C8B848F781EBC1FC9EB64665958DC8E71C75E32290295396DA33F5A8D6E24232238D88E7EF7F8B1A89A590C99C44A4FF78FFF005E8B05CB6AA84EE2013F9FF3AB31000863147F8E2AAC333639963CF701BFFAF572172DCE50FD327F99A00B96B86236A8C0FF0067FA9C57B2F813FE453B0E31F29FE75E350EF6C7287D38FF00EBD7B3F81C63C2D60318FDDFF53EF5956F84A86E6DF6A70E94CA92B98D0052D028A0028A28A0028A28A0028A28A0028A28A0028A28A0028A28A0028A28A0028345140098A314B45002514B4500251CF6A5A280139EF462968A0031451450014514500145145001451450014514500145145001451450014514500145145001451450014514500145145001451450014514500145145001451450014514500780EA6235BDB962B93E6BF5507F88FAD65CE22538DD2F1FDD6C7F5AD9BD6FF4B9B392C246C601F5AAB32ABF2C36FB91D7F315D69997530E478F61428CC00E9956FC4E4D424C7B03A6769FF6971F9D6B4F1A60975418F4E87D33819A85DE00BB9BE6C70183720FA70334EE333A28A16247931649CE711E3F1E69EF144D184F2E0183C12075AB32242C431817EB8393F80147956AD9DB6CA4E3AE58526162BB6F518F3153D7CB74C0A64A9F316DE19B6F2CCE3FA54B2476E1C8FB1375E33B8FFF005EA1611A360D801F48CF1F9919A16E173D37E0936ED36F79460266E54F5F952B1BE3389478B14C4B267EC71FCCB260756E08AD9F821B4E9D7A562D8BE7B76033F2A7A564FC5FC49E2DC1913E5B589486071FC5E82A65FC51F43CFE6BA9157E7C648EF266A2DECF2802288E075DDC7EB53CAA10A8DAAD8FF6C81F96282A0E595173F51C56A993610CB3118E463B03D7F12315246EF81BE393AF660698A555BE63B7E98CD59565242FCA4FB7FF0058D3B88951C2B64C6EBEB9356629539625F00E3193D7E82AAC62305B0319E0FCDCE3F3AB90491A0F9703249C2EE3DFB8C5005C811491C64918CB1EB5ED5E09C7FC22F638C00131C7D4D78C5B1462081B9BB12319AF68F058C7856C06003E5E703EA6B1ADB150DCD91D69E7A53075A71E95CC68385140A2800A28A2800A28A2800A28A2800A28A2800A28A2800A28A2800A28A2800A28A2800A28A2800A28A2800A28A2800A28A2800A28A2800A28A2800A28A2800A28A2800A28A2800A28A2800A28A2800A28A2800A28A2800A28A2800A28A2800A28A2800A28A2800A28A2800A28A2800A28A2800A28A2803C1F506617D32B6DFF0058DE9EA6AB348A54FEF10763F2815B1E27B6367AD5D42C581499B1D318CE4678F420FE35852484337CEC093C72BFE15D69DD1935A8D9159F212E58A8E8475A85A3939C4A491EAB9A6BB364829BBDCC6873FA9A85EE653C2C18DBD06C03FA605002491C9B8A19C6719C08B93F9540D1CDB70ACCC3D0A67F9D3CDCCEBFF2C7E63CEEC1E0FD714C92F6E870B0903BBA82DFD681DC63292A000C0E78C00A6A19C3210BBCAF38F99B15325D5DE71E5123B39054FF005A8269EE1F2244980E9D5B9FC853B6A2EA7A7FC0E0CBA5DE860389DB9DD9FE14ACBF8B819BC52DB4444FD9E2C6E427B1F635ADF0515869D74C4300656C67D825637C60C7FC256C407245B45F7467B1ACE5FC529EC7132EF51C232F3D10E07F4AAD27985487499BFE069FFC5134E99A4C9016639EDE5B7F406A12ED803007FBC1BFA8AD911706E0E407C0E838A716523964503FBC4FF8508BEA8A09F4247F4A729900E03F071C03915495C09ADE6501763A01EC703F5AD085D4201819279CA8E7F2AAB02B3E0347331F56507F98AD08631BB260C37A9841FE55205AB324B0396383D936D7B6F83063C2DA7E7FE79578B5BE03646001D73130FF003F9D7B5783C11E17D3B231FB91DAB2ADB22A1B9AEBD69F4D5A5EF5CC6838514514005145140051451400514514005145140051451400514514005145140051451400514514005145140051451400514514005145140051451400514514005145140051451400514514005145140051451400514514005145140051451400514514005145140051451400514514005145140051451401E71F12EC957554B8E42CD1E7803965E0FE9B6B8D640B9E64FF00BE883F90AF4FF88D682E341138505A090127BED6F948FCC8FCABCAAE5F69F9770E792066B7A6EE88922191115D87EF0AF504EE273F8D4126C04663666C7FCF32453E4C9393DCF65AAD2ED766DB92CBD06315AA4483AB05DB1C583D73839FFD0AAACA65127FAA8C0FEF00724FD69EFB9B0855F9EE08AAF210D2ECF2D81F5F2CFF004A2C049B263F34B131F4E09FE78FEB511898B1CDBA63E841FD0D43260F581DCF7201A492554215A0383C0C2E48FAD1611EA3F07264586E2D4AEC9033B6D279C61067A9CF7AC5F8A6EAFE32BA56942848E251903FB80FF335C8E81A95F58EA1E6D95CCB6C4023728D848C1EF8ABD74ED733CB3DC49E64D2316772FCB13D4F4A9E5BCAE3B99F294DC40907D41150EF50E0864CFA90A40FD6ADCB85E8BF912698CA491F28F53C1AD6C4916E0738962E7BF97FE0D521DA092258DB9FF9E7FF00D953F183FEA40FA93FE353205FF9E5167DD8FF008D318B0320000084F72107F8D5D8589E428EBD7D2A08C7392221FEE93C7E756E3520060323B9C669580B31299A78A088AB48EE15063F889C0FE75EE767025B5A436F18C2451AA2FD00C5794F806DBED9E28B6520ED8419987FBBD3F522BD70F526B9EBBD917043969475A41D29456058B4514500145145001451450014514500145145001451450014514500145145001451450014514500145145001451450014514500145145001451450014514500145145001451450014514500145145001451450014514500145145001451450014514500145145001451450014514500145145001451450052D52D45EE9B7368481E746C809EC48E0FE78AF12BF88897E6CF07A6D231F5AF75FF001AF27F1D589B5D7AE4050119BCD5C9C0C3727F5247E15AD27A93239695304B286C0EB8DD55DC12A414C67A120E7F5AB92C606498F3C7AE7FAD55994F21A1EA38F9B19FD6B7B905698A8EB18C81C1CF3FCEA191A391801210E074CF1FA1AB32ED08ABB3691EA4FF008D40E81652C557FCFD6985CAE605F9BE772DD76E3031F9547F67831BC4AF9F40454F244C5B2D1A91FEED444A8C0F2C28F40B8FE94AE223B64FF48F30EF619DA01AD70D91C2138E3B1ACE8D62F390A8424B0FBCA38FD2B4D0C78E91FE9FE145C0AD309141252520FA11559DDF3831B63D4D5E9923279880CF7E2A2F2E3FEEE3FE0356857224CB0C6C4FC735304207091938FF00688FE74E48A25E5B04FF00BA2AC285C6703E9B3FFAD48040841E1401F538FC066A743B482590FAE73FE34801CE06D55EDC1C9FD2A68588CE48C74E01FF003E94C67A0FC27B4CC37BA8103E6C4287E9F337F31F957787DAB1FC1969F63F0D59C647CCE9E637D5BE6FEB8AD85EB5C751DE57348AB0FA51D29296A0A0A28A2800A28A2800A28A2800A28A2800A28A2800A28A2800A28A2800A28A2800A28A2800A28A2800A28A2800A28A2800A28A2800A28A2800A28A2800A28A2800A28A2800A28A2800A28A2800A28A2800A28A2800A28A2800A28A2800A28A2800A28A2800A28A2800A28A2800A28A2800A28A2800A28A28023EFCD711F136D326D2F020218189C91D31CAFF00ECDF95770D58BE32B4177E1DBA5DA0B4404ABC74DBC9FF00C7723F1A71766267924C5572369CF7F97BD556C63A124F1F5FD2A69A32256F2D58F38C6DEB559E074E1A039AE9DCCC8A60C0006107FE05FF00D6AAB70859BFD407FA76AB532B7510BE00ED8AAB2A65F92E3D88154161860DB261AD9B81D8E6A278F1FC0727FCFA50F1292720EEE7DAA3F2368E62939EA46680146F49E33B08CB81C1FF00EB56890C3AB1CFA9E7F9D64B2142A549FBC319CD5E467C0C03425A832665CF5619F7A6045CF32FE19A901C9C92DFF7C9A901CF55047E23FAD58862C43B39A9428C61A573F88A50A073E4E4E3AEE34986E0794707DCD20245DAB801DBFAFF002AD2D1A037BA85BDAAB3E669150F1D8F53D3D33541095E194A8FAD761F0D2C526D7BED0002B6F196FF00811E07E9BBF2A24EC9B1C56A7A622854555E028C01E98A917A53053C74AE1351475A5A414B400514514005145140051451400514514005145140051451400514514005145140051451400514514005145140051451400514514005145140051451400514514005145140051451400514514005145140051451400514514005145140051451400514514005145140051451400514514005145140051451400D6E951B856464700AB0C303DC1A929A7839EF42DC0F14D62C9AD7529ADC824C4EC8491FDD38CFE2055378DC0E1335D77C48B2F275AF3F6FC93461B2403C8F94FF00207F1AE4D91197E509F820FE95D5077464D5995A42E07DC607DB1FD6A162E5B8F307AE31566540081B47FDF38A81CC4BD5D41E9C834DB02ACC189E44983D085269A50FF79FF14353C9B7190CA47AE0D44FE5EEC6E5FC33426051BA5C47CB632EB8EDDEA7C679014FE751DE72005607F78BC73EB529DCA704FE62A9313248C90412AA3DB939A9C2B373B07E2A4547160918299FAFF855850A792A87F1354C42AA0E0168C7AF34ACA01E4961FECA934E18C7DD07E86A473B403B474EBD6A7A8C6AAFAEDC11DF20D7A7FC31B4F27479AEC8F9A79300924FCAA31DFDF35E6918DC415562C7A7CBD6BDAF41B4FB068D6969FC51C4BBBFDEEFFAD456768D8A897BA914FA6AD29AE5341D45145001451450014514500145145001451450014514500145145001451450014514500145145001451450014514500145145001451450014514500145145001451450014514500145145001451450014514500145145001451450014514500145145001451450014514500145145001451450014514500145145002535BAFB538F5A6B50072FF00112D4CDA4C3741416825DA4FA2B71FCF6D79BCCAA382571EE2BD9358B5FB6E97736A31BA48CAAE7A6EEA3F502BC8656F45C7E15B537D0892284C801F97033DF155DF23A673F4ABD2E1BAE4D40E992700D68B524A5286C6063F0A858B83C6C3F8D5D747EE878A89E36ED1E09F6AAB0142E3F85980C075CE067BD5B654C676939F6A8AE91FC9F981FF00589FCEA7C301F757FEFAFF00EB525B80D0403F2C67F2352296FBCAA41F4C520C923E51FF007D7FF5AA54C679C1AB26E2C4AD9C9761FD2A7544620312FC75DA688D77740FF81156238CE4673F891FD2A5EE1B9A3E17B1177AE59C0AB9532867E3F85793FCABD7BB0AE0FE1B5A6ED42E2EC8FF00548117EADCFF0021FAD779DC63A56359DDD8D62AC878E94A3AD140AC4A168A28A0028A28A0028A28A0028A28A0028A28A0028A28A0028A28A0028A28A0028A28A0028A28A0028A28A0028A28A0028A28A0028A28A0028A28A0028A28A0028A28A0028A28A0028A28A0028A28A0028A28A0028A28A0028A28A0028A28A0028A28A0028A28A0028A28A0028A28A0028A28A0028A28A0028A28A0043487A529A280233C7D6BCA7C59682C75DBB87002190BA761B5B918FCF1F857AC375AE17E25DA309AD6F541F994C4E71E8723F3C9FCAAE9BD4991C43A283838CF5C544CB83F779FA55A653FDEFC315094C9C9EA3DEB72081A3DDD533FF01A694DBD531F88A9DD47B7E751943D8F1EC298143505CC231FF3D17BE7BD35973C123F33536A0804233BB9917F9D34A80DC7EA685B89891C782307F5356154E46481FF0002351FC99CB607E35662589864A467EA41FE956493431B9E847FDF5FFD6AB611FB1C7D0E7FC2A08A24DE08451F403FC2AF450B48EA883972157031C93C7EB537D4A89E81E01B536DA02BB64B4CE5F27B8E82BA102A0B2856DACE1B741858D428FC2AC01C572C9DDDCD56C1DE9D48296A46145145001451450014514500145145001451450014514500145145001451450014514500145145001451450014514500145145001451450014514500145145001451450014514500145145001451450014514500145145001451450014514500145145001451450014514500145145001451450014514500145145001494B4868011871589E34B5FB5787A72012D0E2518F41F7BFF001DCD6D9E951C88B246D1C832AEA5581EE0F5A6B46078D4ABCE377E62A09073D47E557EF6DBECD772C1201BE2728493E8719AAD20F4C574DEE6453900CE47E948CA3B631EE2A72B9EA29A50F6207E34C0CED4117C953919F317D077A91518F2029FC68D4D48B6C8EBE627F3A962C800119A49EA304561D5401F5AB510E7EE13F4A84104FA54D18C91544BD0B5181D7660715BBE14B4171ADDB0210AA1F31801D87FF5F15851EDCE3299C74E0D76DF0F6D5025C5D84C67F740E3D3AD44B4438EACEB8F269F4D51CE69D5CC8D451451450014514500145145001451450014514500145145001451450014514500145145001451450014514500145145001451450014514500145145001451450014514500145145001451450014514500145145001451450014514500145145001451450014514500145145001451450014514500145145001451450014514500145145002535BAFA538F5A46E9401E73E3BB5106BAD301F2CE81C71DFA1FE59FC6B9D201E457A07C42B5F374D82E8024C326D73FEC371FCC2D70657DB07BFD6BA29EA8CDAB15D9467209A614153B2F34C2307D6AC450D4936DB03D47989C7FC0853914E3A53B5307ECDC03FEB13FF421520EBD7F4A9EA31AA0775FD6ACC43A75C5302927D47FBB53C23B9247E154887B92C2A38C0C7BD7A6785ADCDB6876E841DCEBE637D4D79F69B019EEA28B249770BF99AF548D422AA0E8A0003DAB3AAF6469043C74A514528AC0B0A28A2800A28A2800A28A2800A28A2800A28A2800A28A2800A28A2800A28A2800A28A2800A28A2800A28A2800A28A2800A28A2800A28A2800A28A2800A28A2800A28A2800A28A2800A28A2800A28A2800A28A2800A28A2800A28A2800A28A2800A28A2800A28A2800A28A2800A28A2800A28A2800A28A2800A28A2800A28A2800A28A28010D14B494014B5AB417BA65CDA60132C642E7B376FD715E58E3BE31919AF5F6E9C75ED5E67E22B5FB26B37708181BCBA8FF0065B91FCF1F856B49D993246415C8E94D2BF3558C122A361CD6B722C50D5062D33FF4D23FFD0853A31C707F234FD501FB2743FEB23FFD0C52C3C81C1E78149EE3142827EF13F8D4AAABEA47E343A7978675283FDA18A0490B0C79883EA68EA163A4F045BF9DABAC8C32B1296FC7B57A001DEB97F005A6CD3E6BB2A0195B0847A0AEA6B1A8EF22A2AC277A7520A5A82828A28A0028A28A0028A28A0028A28A0028A28A0028A28A0028A28A0028A28A0028A28A0028A28A0028A28A0028A28A0028A28A0028A28A0028A28A0028A28A0028A28A0028A28A0028A28A0028A28A0028A28A0028A28A0028A28A0028A28A0028A28A0028A28A0028A28A0028A28A0028A28A0028A28A0028A28A0028A28A0028A28A00283451400D22ABDD595A5C90D736B04C4742F1AB7F31564F5A434019FF00D8FA49FF00985D97E1028FE95E65E2ABD8AEB5BB2B4D0B41B8B4B682E646BDBC774489D1519762A062CC4B1523200F973D715EB98E457944A0F9D3E09FF5F27FE846B4A6F51328EA6BFE865BA9F363CFFDF6B54F56B4BABCD16F2D2C675B7BA9A1648A46242AB1F523900F43C743F9E8EA23367DFF00D647FF00A18A4418FCAB47B901FB39697FD8BA5CDA66A1A7D9B6B0B23BCF7F13973202C70BB994360671CFF5AF5F04E7A9AF3DF862B8D6EF4FF7831FD457A20159D47A9A21547FFAA968A075ACC05A28A2800A28A2800A28A2800A28A2800A28A2800A28A2800A28A2800A28A2800A28A2800A28A2800A28A2800A28A2800A28A2800A28A2800A28A2800A28A2800A28A2800A28A2800A28A2800A28A2800A28A2800A28A2800A28A2800A28A2800A28A2800A28A2800A28A2800A28A2800A28A2800A28A2800A28A2800A28A2800A28A2800A28A2800A28A28003494B41A004AF29947EFA6E78F39FFF004235EADD2BCBE65C4D363A79CFFCEB4A7B8994AF547D94907F8D3FF43151A2FCBEB562FB9B5393FC69FF00A18A8E25F94641E7A568F7237373E1B2E358BA3FECB7FE855E815C17C3A18D5EEBA72AF8FF00BEABBEEF58CF734403AD2D1454805145140051451400514514005145140051451400514514005145140051451400514514005145140051451400514514005145140051451400514514005145140051451400514514005145140051451400514514005145140051451400514514005145140051451400514514005145140051451400514514005145140051451400514514005145140051451400514514008DDABCF6FE0892E5C2AE32EC4F268A2AE0263ECECADA705658C91B9780E47F10F435B5A7E81A4C8A37DB31E9FF002D9C7F5A28A6C11ABA668FA6E9CEEF676C2367C8625D9BF9935A03A9A28ACD8C5A28A2800A28A2800A28A2800A28A2800A28A2800A28A2800A28A2800A28A2800A28A2800A28A2800A28A2800A28A2800A28A2800A28A2800A28A2800A28A2800A28A2800A28A2800A28A2800A28A2800A28A2800A28A2800A28A2800A28A2800A28A2800A28A2800A28A2800A28A2800A28A2800A28A2800A28A2800A28A2800A28A2800A28A2803FFFD9)
GO
INSERT [dbo].[ObrMeridel] ([Evidencni_cislo], [Foto_mer]) VALUES (N'01/0001', 0xFFD8FFE000104A46494600010100000100010000FFDB0084000A07081515151815161519191818181C1A18181C1D1C1A1C181818191A1C181C1C1A1D212E26211E2B1F181A2638262B2F313535351A243B403B343F2E343531010C0C0C100F101A12111C3421212134313434343134343434343434343134343434343434313434343434343434343434343434343431313434343434343F3431FFC00011080087017603012200021101031101FFC4001B00010002030101000000000000000000000005060104070302FFC40048100001020303050A0B0508020300000000010002031121041231054151617106132232528191A1D1F0141642538292A2B1C1D2E115175462720723337393C2D3F1B2C3244383FFC40017010101010100000000000000000000000000020103FFC40020110101000203000203010000000000000000010211122131134122516103FFDA000C03010002110311003F00EC86417CEF8DE50E90A07763673120B6183473C13AC341A749079952FC5BD8AA63B66DD4B7C6F287484DF1BCA1D2172DF16B6278B47484E06DD4B7C6F287484DF1BCA1D2172DF168E90B1E2D9D21381B753DF1BCA1D21475BB2ED9E0BAEC48AD6BA53954D0EC0742E787736ED217A41C8A00912D9CCCF5569DF52D984FB65BFA5DFC6AB1F9F6F43BE54F1AAC7E7DBD0EF95533EC76E91D1B75EA4391C6131B65F555C31672AB9F8D563F3EDE877CA9E3558FCFB7A1DF2AA61C8E2A4118685839187E55BF1E272ABA78D563F3EDE877CAB3E3558FCFB7A1DF2AA49C8E3F2FBFE09F63FE9E6053E3C4E5576F1AAC7E7DBD0EF953C6AB1F9F6F43BE55481926B2E0FD163EC91F97550D79E58A7C789CAAF1E3558FCFB7A1DF2ADCB2656811789198E3A0384FD5355CE8649FD3AF158FB27F4F42CBFE73F672AEA88B9C59BC221CAE467340CD7896FAA4118A9583BB26C20191991623C719EC6B6E906A3CA150089D315171B1B32DAE48A0226ECAC0D1375A5806937BB14FA9508A0E2EEB2C4D7BD8EB4303D8E2D7B6B36B9A4820D31982B1E37587F12CF6BB104EA282F1BEC3F8967B5D89E37D87F12CF6BB13426DC6426732AB78F965E4C53AEE0AF4B96CDA775B622C701696125AE971B1919665CFACD64058C74B1683B6602E98632EF69CAD9E2EFE3ED979317D56FCE9E3ED979317D56FCCB92DBB28BCBDCC821A1AD374BDC264918DD184B6CE6BCD96F8CCABAE4419DA5A18EF45CCA4F682B6CC59F93AF78FB65E445F55BF329783BA0B2B9AD76FF0C5E6DE939ED69184E609A113AAE59606322B1AF603276638839C1D60A93B3E450F6349038CF15D84E669E48D1EE4B863AE8995744FB76CBF8883FD46F6A8DB56ED2C4C716EFA5EE0652635EF1EB0177AD544EE7DBA1BDFD05F567C80DAD1B2C697B4038860EE54F18DDD591FBB8833A428A4699347F72F81BBA85E66274B7B569B773ED00487593EF5F0320B1AE2655329FC0C96EB13751717F6C0C6920D8E24C120F0DB883239979FDF342FC1C4F5DBD8B9E6E96C419698CD12907BB939EB9DC34A8AF07D9ECFCCA14EB1F7CD0BF0713D76F627DF343FC1C4F5D9D8B93F836CF67E659F06D9ECFCCB0757FBE787F8389EBB3B163EF9E1FE0E27AECEC5CA7C1B67B3F32CF836CF67E641DA321FED4E05A1F71D02230904B4CDAE06588C410655CF8156466EB6CC717386D63BE135C23733000B541C2AF0DCDE5CDB99C794BACFD933CCAB192FA9B6ACADDD2D94FF00ED96D6BC7BDAB66CB95E0443759158E71C1B3A99634355503918E85F50B26B98E6BC0AB1C1C3D13355C233955F1111735AB7BAF0FF00DDDD9F95397A3255BB91B5AB66EAED461426C494E4EBA7507035E90073AAA78CDF942E98DE9358B9175A5C8DAD3C66FCA167C66FCA156D8C5C8DAD2E45D6BEBC661C90B3E328E4841A2FB75D8AD805E04570BCD613C222B50398F4152B620E0DACEF4DD3D3C63A7628B8994A03A3363BA0B0C560BAD7CB8405693E73D2549D8AD5BE0BFA5CE9EAAA36B66BA01D7FED0CB34A5D3DFE8B19B6ECEFCEB33A9D2061D08960E79D3AC530AF5AC1F7FC02FAC0764E5CCBE67F5F820F9234F5AC919ABF5DAB35A63F4CD997C4F9BBE3AD0627499AD7354634592DFF007CFA967673E1592C1EBD13DAB4625558B95CFF000E8275ACB8F38F74B3F4AC48EAEF84D18C4F6689E85B9647420D93AECE79F6516A3C6388F8F3E6DABEAC1B9B65A4C47BA23DB75E1926DD91018C74EA31E1752CBE3621F2F6547982EE059711E5AEA4DC155A3FECFB273DB75D0091A37D8A3DCF53E728C104B4C6861CDE336FB663689CC2E57F8E8E78DB7BDB69B500DB3902338709D2347BF1D6B6BED17F22CBEBA978FB9AC985EE88FBA1F19E5C498EE17DEE24990BF2C4E016D789161F327D789F32D960801941FE6ECDEBAC8B73BCDD9BD71D8A7BC49B0F9A3EBC4F993C49B0F9A3EBC4F9937188216E779AB37AE3B17843865CD9802B3C0D04DC70D541292B1BB7156191FDD1C39713E6552C9CF7084CA790D33D3303DEAF1ED9939FC165D174D1CDE0B86870A19F3A38E7CCAD796373DBEBCC561B8F3C6A705FAE981EFB61ED391A24265E7488D53D93A8C305371A4CA27B72104EF6FD05E65CCC6CFDDD4AF1922002C13245D7BB8A653989548DAA87B9EB492C0C007069F19CB4AB159F2BB18C2C71919BA7E919FB8AAB3A66FB4F0846530C3500F19F8C81E569F72F36DD6B88149134BC7C925A3188DCCD19947C2CBF0DA0341A0D9A679A8A3BEDA607BE4E322E99336891754D6EE15EB53C6B76B9C294B3D44F1273669932E65E6E80DBE5F3C461B4341AFA03AD4359B2D3062F9D357BC2F26655E1CCBC1179C6551C12D68025A4106A4E739D354DB9D6EBD9FF00991FF5E93C91A1E3DCA1B7BD67A5DFE4529BA0B587DA63381A17BB38CC65F051DBE8D3D61629E7775F59F9D62EEBEB3FE45E9BE8D3ED058DF069F6876AC1F1735F59F9D66EEBEB3F3AFA31069F6876A6F834FB43B5048EE71BFF009302BFFB999CF2DBF9CAEEAC600B866E7620F098049A088D7620F13847FE2BAC1CBB0F9416C9596A7AE85F2F0D91D85417DBF0F948DCB4C790C699B9E4347A465F15BAACDAD6DC161651429E56880C7B4B5ED0E69C5AE13073E054744DCED948237886262530D1313CE35A964415DB36E46CEC70716B5C04F825A246625C29E3A76A91FB06CBF8785EA37B148A26C477D8365FC3C2F51BD8B4F2AE4FB24082F8A6CD0C8634BAE8634171CC272A4CC94EAD2CAF043E0B9AEC0CA7EB05B0738B46EB2CCC6DE393186A04839B9F6C3C17AE41DD242B65E10ACBE0CD648920CC3EF1228035B5174CFF00529C19020EA5F0FC9AC847812AE39E80FD55CF536F4094AB31B74E0B24E8389D18D0F6CF99667DFDF8AC0EAD1ABB5524EFF1A2C0D33C0639A5CF9A8B6EC96174433146E17CE1AC3467EA18D7329AB364C86C91BB79C3CA7548D8301CC029B948A9155B2D95D5BA1CF040916B5C4533CEA26675AE65B7E0317CDBF1D5DAAD6B0B391A5422417B78CC70D65AE03A6520BC5AE044C4A475CEA29885755A96AC9D0E24CB9953E53782EE72311A8CC24C8D2AA695EB589535F952AADFB764C7C3E10E1B33B80E1373709A3112CEDE712AAD06E131419B3E3A0ED572ED36304CB9AB3C31399583727C48BFCEFF00AA12AF93A65D35AE992B06E538917F9BFF00542599F8DC7D4EAAA6EAB734629F098126DA1A3608AD1E4BB5CB03CC748B5A2E72E96E5F63B5B23B1D0E230800CA243347C278A17373891CCA6B21E5C7D9DEDB3DA5F7A1BBF811F31199AE3DE5B30DADD5EE68C53E1367932D2D151808CD1E4BBF34A80F31A5456AC56C64563D8F61BB39458468F86F18BD93A891CCAFACA27C7514546C89965D6473605A1D7E03BF831F301C9777A6CC2F00CEA1459A50FC0EC5CD2C113F76C90ADC6745D125D2DF81D85732C9FF00C187FCB67FC42BC3ED393DEFFE5EF55E31C5E045C98342295CD82F7C35627B9470AAB421B2564E7C27B9C2643A8D6D3ACCF1AD30C55EB276E7ACB161B223E0873DCD05CEBCEA9149D1D2CCA12CB0C39CD69C1CF6B09D4E706991D73215F58D0000048012006000C028CEEBA8BC7B43F8A963F303D677CCA32D7FB3FB239C5CD3161926726BE63A1E1CADC8A375BA520EE000E2DA1C06B6871E9BC179B3F67B2AF85BC9AE2D12A92733B5F52BDA272A6A394BFF0065118924DB5932493FB87627FF00AAC7DD2C6FC6B3FA07FCABABA26DAE4FF7491BF1ACFE83BFCA9F7491BF1ACFE83BFCABAC22C1C9FEE9237E359FD077F953EE9237E359FD077F95758441CDB257ECC37B75E896ABE4716EC3BB29CC126F3DD3FF007CD390B709671C68915DCED03A9AADA8AB759A5761EE32C83163DDB5EFF810B7EC590ECF04DE6426B5C30755C46C2E264A4D14EE9A822223444440444405A395E039F0623192BE5A6E4E82F0A813DA16F220E65F66654F30EF5E17CEB6AC565B530B8DA185941726E63A729DEE238FE5C5743509BA3F23D2FED5732DD4D9D217E1A2BDF05BF936C3BE1BC7880CBF591423F48CFA70D2B4A059CBDCD637174EBC968E31977AC95AACAC2D60690048480180030EA4CAE8C63D009506033222C28508B0E700264C80C49C02D6B2E508511CF631ED7B984078699DD2E179B3DA106D222202AFE59C9D7271583838BDBC99E2F68D1A473E99D817CBB02B65D32CDA96ED1F19E3B33E0A7F72838113F9BFF5C350F6CB23A13AE902445E6EA1839A3F49EA2D52BB9789FC467E60FE9174F45C6F4ABCAEF164F5604445CD42A9EEAF734629F09B3C9B6868A8C04668F25D9AF4A80F31CD2B622D974396582DCC88C7B1EC376728B08D1CC70C5CC06A082A6323658758DCD8519F7ECCFF00E146E47E576AF76CC37F757B99314F8459F836868A8C04568F25DF9B41E63988ABE4FCA0D7B5CC7B3833945846858E142E683504157D589F1D46F02260CC1130460449736C9A3F730FF433985D1DAB7B26E537D8C6F6F262599C0EF4F15730C8C9A756AE71A16BC285721B59C90D6525886C8FB8A6335B3265C4E66B88D3413EBA2F9BFF0095DD54D2BD1C26B0477DBA15A1F2C8B59B78CD2089E6734CC7B9740B3470F635E3073411CF9973C751C0D44E871CFC5EBF7AB46E5AD347C2278A6F37F4BB11CCE99F4828CE75B5637B585111735888880888808888088880888808888088880888808888088880A13746789E968FCBA54DA84DD18E21972BFB554F597C7CE4082384FD8C1B0709DD336FAAA65686446CA0B75971E97B96F9597D278C2C2CAD2CA39520D9C34C588C65F706B438D5CE7601A3124C8E1A16355BDDF65188C6B20B2F86C46462E731CD63B810CC802EAE26741A16AEE3E14686F6BC87C464664164EFB5FBD910AF3AF8028410273A1BC08350157F75F97ECD6B88C7C37C3731B023805EC8C1D3BAEBD2B838B418D71962B6371EF8F79E2CC6186B8D92F96B6D0016EF6D0E9170BA1D7655D005ECC8D75245A593224421ED8A1B7D8F73439B393D94731DC2038575C0194C5E06B986EA3058444115BA1833861F2AC3703B5AE3748D9507D150F62B4985103A53E509E2D38F3D05352B265265E83106963C7B2554E7A756274E7578F7349ABC418AD7B439A660E057A2A342B4BA1CDCD25BA81E31CD43435974ADE8796E300265A4D266EE2754B5FBD65C2FD1B5AD1567EDF8BC96F41ED5F3E3045D0CA6343CD9D38D3945A154F757B98DF8F8440E0DA1A2A301140CC7F3683CC7311E872EC6D0DE8F7D56ADAF2BC470939D741CC24D98E6AC96CC69CA2032698CE1C3696333B1C2AF783889F14023693A85641B8D2665438639C0963258792E9CA80E3A4E896859BA0525414CD45D13B7CF7D1DA9DFBF5AF97B867FF5358111B5EF820FA7B26D96DE639B6AF7C956CB8F644CC0DD7EA69A3F981AFA2BC5AECE754FB5793070CB6464EA814C471868EE560E908A3721C7BF080266E6701DE8E079C10A4972BD3A0888B01111011110111101111011110111101111011110111101446E89BC06BB43C758FA052EB4F2AC2BD09C063298F46BF05B3D65F1E3918CE0B755E1D0E705BAA2373D1A6D7B792EBC36387CC1DD2A5D2FA4F11D97B29F83407C6BB78B1BC165E6B2F3B30BCEA01AD73BCB765B4363322B9F687B2345B33D8F6C66861058FBED0C951A0E2D18CC15D0B74160F0882604810F7303899C8303C39E699E4D206B217B5AB26C27C36C273780DB85AD04B6EEF6416C8839AE8A67142B1AE7DB9FDCFEFB661688D68B4B18D6C569607DF739A660BAF0CF8CA40E0AF7023C382C6430D881A24C602D73DC4814BCEA9248189359150B07235A20436D99A58FB2084E63835AE111B78995C69BF78D739AD752B043B080D6B66380FBE2EB5AC13008910299D07D32DF0DCE7343AAD788668EE391390245462262936B84E608187DBD81C5A49A3830BAEBAE87BA526974A533780DA40C4C96A43C88D610E6BDC1D42E2E25E1CE6B9CEBC5A4C855EF326C8708AF4764D2660BC96B9ED88E6868137B4B5D4399A5CD0E22B59D65441EF62B7C38AD6BA1BAF07B43DB423824CAA08041982083504542DA5A161C9AD84E2E6B9D563585A65766C9CDE2930E75279B83394C9277D06BE5074A1443A18F3D0D2AA6466E61863877D8AC79762CA1168C5EE0DE69DE77B2D239C2ACBDD98718D366932D529ABC5193038467C93213C0BB3E6C061B67A17D9FA6CDBAD24009012004867A7C74A7C24BA31876DA4907368E7EF991A7BCBBD7621EFB106477F72F364897388F28B6A34190E6A05E83E9FED78C034331E51E999EC41E87405E6E3D19BBF42FB2331C6BDFA17C3FBF3A081CB794B7BE0B644BB015E726B860ABC328C69CC3E5AA425D125B1BA8B39311A70041184F8543D63DC542EF2FCCEEB214656ED58C9A5D321654310DD7CAF0AEA70C27EE52F69065780E130DE14D188E7064A97B9B87137E6CF06824E0468D1AFA95F03692EFCCAB1BD3329DA5B7396BFDE4B3446FB42A3AA7D4AD4B9D64D7DD9118B1F4F45E0FB97455CF29DB60888A5422220222202222022220222202222022220222202222022220AB39DE0F1EBC5F7C377CA44F98E9563056A658B16F8D9B4709B86B0711DFE2A3F246500D9427990C184D25F90CF0D5D1A2757B9B4CEBA4DA22295088880B0888088A2B2B650BB3630F08F188F201FEE3D58E85B26C47E58B55F7D0F05936B759F2CCF44C01E8EB51B0A47844E341A9BDA4FC161E2F1BA053174B30C0379CF502BD03B9BE3A1759351143A7BE1AAAB1DE72974ED43A687453A90F32D63009D1B35D732CCB9FFDFBD64CFB525A35D34A0C308A68A6D5E5004A72E51D32C747C57B4B09E6974AF38429CE7FE483EA5DF1EE17C96F4F6AFA3F5496AD6823EDF93D915B75C286BAF51D454278AE41A4432D05A09F58103A95B2EE9EA12580068AFBA5DFAD67A6F48EC99935B0849B39F944D493515229CC14896ECEC5F575785A9F2000C4990CF2D7CCB47C591B31E5709F4CE0DE75D1F05D1553F2258CBA231BE4B24F7737106D2EAFA255C172CAAA0888A5422220222202222022220222202222022220222202222022220289CA992C3E6E6F1B38CCEFAA9645B2E9966D59B1E547B3811038814CF7DBB6788EBDAA6A05A58F136B8386AC46D1885F56BB13220E10AE670A11CFDAA1A364378336381E96BBA7FD2DEAFF0019DC4E22AFEFB696621DCEDBE3D600FBD783F29C5BC1F21412AB5DEE9A68DACEBCE2C56B04DCE006B2AB7172AC53E591B001F5EB5A8F7CCCDC493A4CC9E9498D3925EDB9626250E83966879866DA6BA9433DF204F3CF4CFE24E9D285E2B5FA6C5E462B5C6A68DDB53F4F8EA5D24D32DDBD18C96389E311A4E1CC2525F52966FA2F8DF5B8CC764F32C6FCDC67DFB16B1F6E1A466A8D6B3F0F860BE37D6E9E6FAAF97456CA5787BD18F4CFAA8BE97998CD1E575F7AAC18ED1E509699F5235E83377CFF0055F108E233871E7AA6FADE537A4692B5E231AE336BE53C6B43D2836C7474A6714C247BF42D2B87CE9F6669BD1F3C75F173732686E81A02FA074E85A1BC3BCF1F679D7DC3B0B9DE53DFA80D3A809A0F48B6A008004DD98673F45EB62B2973B4BCD03466FA693A96DD9321BCF15974729DD7C1E31D94564C9F93D90852AE224E7194CEAA603529B948D91F593EC6213034638B8E977666E65B688B92C44440444404444044440444404444044440444404444044440444404444044440444418924868584419B83405944404444092C4868584419B834058BA340E84440B8340E84B8340E84440B8DE48E809BD8D03A02220CDC1A02CA2202222022220222202222022220222202F0B5309696824122408323D32325944155B5E48B4BAD10E25FC00C1DC1A0AE3C2A576A9275963F00EF84800CC5E736F4E4EA919F8C3601A4A22091B0C288D73EF198719B6A4DD133C1AF4CF5CB06844441FFFD9)
GO
INSERT [dbo].[subkategorie] ([Kod], [Subkod], [Nazev]) VALUES (N'111', N'1111', N'Primární etalon')
GO
INSERT [dbo].[subkategorie] ([Kod], [Subkod], [Nazev]) VALUES (N'111', N'1112', N'Sekundární etalon')
GO
INSERT [dbo].[subkategorie] ([Kod], [Subkod], [Nazev]) VALUES (N'111', N'1113', N'Porovnávací etalon')
GO
INSERT [dbo].[subkategorie] ([Kod], [Subkod], [Nazev]) VALUES (N'111', N'1114', N'Samostatný etalon')
GO
INSERT [dbo].[subkategorie] ([Kod], [Subkod], [Nazev]) VALUES (N'112', N'1121', N'Stanovené měřidlo 1')
GO
INSERT [dbo].[subkategorie] ([Kod], [Subkod], [Nazev]) VALUES (N'112', N'1122', N'Stanovené  měřidlo 2')
GO
INSERT [dbo].[subkategorie] ([Kod], [Subkod], [Nazev]) VALUES (N'112', N'1123', N'Stanovené  měřidlo 3')
GO
INSERT [dbo].[subkategorie] ([Kod], [Subkod], [Nazev]) VALUES (N'113', N'1131', N'Pracovní měřidlo 1')
GO
INSERT [dbo].[subkategorie] ([Kod], [Subkod], [Nazev]) VALUES (N'113', N'1132', N'Pracovní měřidlo 2')
GO
INSERT [dbo].[subkategorie] ([Kod], [Subkod], [Nazev]) VALUES (N'114', N'1141', N'Zkušební měřidlo 1')
GO
INSERT [dbo].[subkategorie] ([Kod], [Subkod], [Nazev]) VALUES (N'114', N'1142', N'Zkušební měřidlo 2')
GO
INSERT [dbo].[typymeridel] ([Kod], [Nazev], [Popis], [CasKalibrace], [NadrazenyTyp]) VALUES (N'01', N'Elektroměry', NULL, 20, NULL)
GO
INSERT [dbo].[typymeridel] ([Kod], [Nazev], [Popis], [CasKalibrace], [NadrazenyTyp]) VALUES (N'02', N'Hloubkoměry', NULL, 10, NULL)
GO
INSERT [dbo].[typymeridel] ([Kod], [Nazev], [Popis], [CasKalibrace], [NadrazenyTyp]) VALUES (N'03', N'Kalibry', NULL, 2, NULL)
GO
INSERT [dbo].[typymeridel] ([Kod], [Nazev], [Popis], [CasKalibrace], [NadrazenyTyp]) VALUES (N'04', N'Měrky', N'Rozděleno do podskupin', 2, NULL)
GO
INSERT [dbo].[typymeridel] ([Kod], [Nazev], [Popis], [CasKalibrace], [NadrazenyTyp]) VALUES (N'041', N'Měrka 1', NULL, 2, N'04')
GO
INSERT [dbo].[typymeridel] ([Kod], [Nazev], [Popis], [CasKalibrace], [NadrazenyTyp]) VALUES (N'042', N'Měrka 2', NULL, 1, N'04')
GO
INSERT [dbo].[typymeridel] ([Kod], [Nazev], [Popis], [CasKalibrace], [NadrazenyTyp]) VALUES (N'05', N'Přípravky', NULL, 10, NULL)
GO
INSERT [dbo].[typymeridel] ([Kod], [Nazev], [Popis], [CasKalibrace], [NadrazenyTyp]) VALUES (N'06', N'Teploměry', NULL, 5, NULL)
GO
INSERT [dbo].[typymeridel] ([Kod], [Nazev], [Popis], [CasKalibrace], [NadrazenyTyp]) VALUES (N'061', N'Teploměr 1', NULL, 2, N'06')
GO
INSERT [dbo].[typymeridel] ([Kod], [Nazev], [Popis], [CasKalibrace], [NadrazenyTyp]) VALUES (N'062', N'Teploměr 2', NULL, 1, N'06')
GO
INSERT [dbo].[typymeridel] ([Kod], [Nazev], [Popis], [CasKalibrace], [NadrazenyTyp]) VALUES (N'07', N'Siloměry', NULL, 2, NULL)
GO
INSERT [dbo].[UdrzbaTexty] ([Kod], [Texty]) VALUES (N'01', N'Text údržby 1')
GO
INSERT [dbo].[UdrzbaTexty] ([Kod], [Texty]) VALUES (N'02', N'Text údržby 2')
GO
INSERT [dbo].[UdrzbaTexty] ([Kod], [Texty]) VALUES (N'03', N'Text údržby 3')
GO
INSERT [dbo].[vydejna] ([Evidencni_cislo], [Vydano], [Os_cislo_vyp], [Pracoviste_kod_vyp], [Vraceno], [Os_cis_vratil]) VALUES (N'01/0001', CAST(N'2023-04-21T20:18:17.000' AS DateTime), NULL, NULL, CAST(N'2023-04-21T20:18:32.000' AS DateTime), N'00356')
GO
INSERT [dbo].[vydejna] ([Evidencni_cislo], [Vydano], [Os_cislo_vyp], [Pracoviste_kod_vyp], [Vraceno], [Os_cis_vratil]) VALUES (N'01/0001', CAST(N'2023-04-21T20:19:07.000' AS DateTime), N'213', N'003', CAST(N'2023-04-21T20:19:18.000' AS DateTime), N'213')
GO
INSERT [dbo].[vydejna] ([Evidencni_cislo], [Vydano], [Os_cislo_vyp], [Pracoviste_kod_vyp], [Vraceno], [Os_cis_vratil]) VALUES (N'01/0001', CAST(N'2023-04-21T20:19:54.000' AS DateTime), N'331', N'005', CAST(N'2023-04-21T20:20:07.000' AS DateTime), N'331')
GO
INSERT [dbo].[vydejna] ([Evidencni_cislo], [Vydano], [Os_cislo_vyp], [Pracoviste_kod_vyp], [Vraceno], [Os_cis_vratil]) VALUES (N'01/0001', CAST(N'2023-04-21T20:20:13.000' AS DateTime), NULL, NULL, NULL, NULL)
GO
INSERT [dbo].[vydejna] ([Evidencni_cislo], [Vydano], [Os_cislo_vyp], [Pracoviste_kod_vyp], [Vraceno], [Os_cis_vratil]) VALUES (N'01/633', CAST(N'2023-04-21T20:19:42.000' AS DateTime), N'331', N'005', NULL, NULL)
GO
INSERT [dbo].[vydejna] ([Evidencni_cislo], [Vydano], [Os_cislo_vyp], [Pracoviste_kod_vyp], [Vraceno], [Os_cis_vratil]) VALUES (N'02/0001', CAST(N'2023-04-09T23:12:35.000' AS DateTime), NULL, NULL, CAST(N'2023-04-23T15:04:23.000' AS DateTime), N'32')
GO
INSERT [dbo].[vydejna] ([Evidencni_cislo], [Vydano], [Os_cislo_vyp], [Pracoviste_kod_vyp], [Vraceno], [Os_cis_vratil]) VALUES (N'02/0002', CAST(N'2023-04-23T15:03:57.000' AS DateTime), NULL, NULL, NULL, NULL)
GO
INSERT [dbo].[vydejna] ([Evidencni_cislo], [Vydano], [Os_cislo_vyp], [Pracoviste_kod_vyp], [Vraceno], [Os_cis_vratil]) VALUES (N'02/0003', CAST(N'2023-04-23T15:03:58.000' AS DateTime), NULL, NULL, NULL, NULL)
GO
INSERT [dbo].[vydejna] ([Evidencni_cislo], [Vydano], [Os_cislo_vyp], [Pracoviste_kod_vyp], [Vraceno], [Os_cis_vratil]) VALUES (N'02/0004', CAST(N'2023-04-23T15:03:59.000' AS DateTime), NULL, NULL, NULL, NULL)
GO
INSERT [dbo].[vydejna] ([Evidencni_cislo], [Vydano], [Os_cislo_vyp], [Pracoviste_kod_vyp], [Vraceno], [Os_cis_vratil]) VALUES (N'03/0001', CAST(N'2023-04-23T15:04:02.000' AS DateTime), NULL, NULL, NULL, NULL)
GO
INSERT [dbo].[vydejna] ([Evidencni_cislo], [Vydano], [Os_cislo_vyp], [Pracoviste_kod_vyp], [Vraceno], [Os_cis_vratil]) VALUES (N'03/0002', CAST(N'2023-04-23T15:04:03.000' AS DateTime), NULL, NULL, NULL, NULL)
GO
INSERT [dbo].[vydejna] ([Evidencni_cislo], [Vydano], [Os_cislo_vyp], [Pracoviste_kod_vyp], [Vraceno], [Os_cis_vratil]) VALUES (N'04/0001', CAST(N'2023-04-23T15:04:04.000' AS DateTime), NULL, NULL, NULL, NULL)
GO
INSERT [dbo].[vydejna] ([Evidencni_cislo], [Vydano], [Os_cislo_vyp], [Pracoviste_kod_vyp], [Vraceno], [Os_cis_vratil]) VALUES (N'05/0001', CAST(N'2023-04-23T15:04:05.000' AS DateTime), NULL, NULL, NULL, NULL)
GO
INSERT [dbo].[vydejna] ([Evidencni_cislo], [Vydano], [Os_cislo_vyp], [Pracoviste_kod_vyp], [Vraceno], [Os_cis_vratil]) VALUES (N'05/0002', CAST(N'2023-04-23T15:04:06.000' AS DateTime), NULL, NULL, CAST(N'2023-04-23T15:05:01.000' AS DateTime), N'331')
GO
INSERT [dbo].[vydejna] ([Evidencni_cislo], [Vydano], [Os_cislo_vyp], [Pracoviste_kod_vyp], [Vraceno], [Os_cis_vratil]) VALUES (N'05/0003', CAST(N'2023-04-23T15:04:07.000' AS DateTime), NULL, NULL, NULL, NULL)
GO
SET ANSI_PADDING ON
GO
/****** Object:  Index [idxkalposcispos]    Script Date: 23.04.2023 18:46:28 ******/
ALTER TABLE [dbo].[kalpostupy] ADD  CONSTRAINT [idxkalposcispos] UNIQUE NONCLUSTERED 
(
	[Cislo_kalpostupu] ASC
)WITH (PAD_INDEX = OFF, STATISTICS_NORECOMPUTE = OFF, SORT_IN_TEMPDB = OFF, IGNORE_DUP_KEY = OFF, ONLINE = OFF, ALLOW_ROW_LOCKS = ON, ALLOW_PAGE_LOCKS = ON) ON [PRIMARY]
GO
